"Date","Price","Open","High","Low","Vol.","Change %"
"03/01/2024","31,950.0","31,750.0","32,200.0","31,700.0","27.19M","1.27%"
"02/29/2024","31,550.0","31,600.0","31,800.0","31,100.0","23.71M","0.48%"
"02/28/2024","31,400.0","30,850.0","31,500.0","30,750.0","28.48M","2.11%"
"02/27/2024","30,750.0","30,600.0","30,850.0","30,350.0","15.45M","0.82%"
"02/26/2024","30,500.0","30,650.0","30,750.0","30,150.0","24.76M","-0.49%"
"02/23/2024","30,650.0","31,150.0","31,550.0","30,650.0","33.55M","-1.29%"
"02/22/2024","31,050.0","31,400.0","31,500.0","31,000.0","15.53M","-1.43%"
"02/21/2024","31,500.0","31,000.0","32,000.0","30,850.0","44.46M","2.61%"
"02/20/2024","30,700.0","30,700.0","31,050.0","30,550.0","16.16M","0.00%"
"02/19/2024","30,700.0","30,950.0","30,950.0","30,450.0","15.78M","-0.32%"
"02/16/2024","30,800.0","31,300.0","31,400.0","30,750.0","20.79M","-1.44%"
"02/15/2024","31,250.0","31,200.0","31,700.0","31,000.0","17.19M","0.48%"
"02/07/2024","31,100.0","30,750.0","31,200.0","30,750.0","12.20M","0.97%"
"02/06/2024","30,800.0","30,800.0","31,100.0","30,700.0","13.44M","0.65%"
"02/05/2024","30,600.0","30,000.0","30,850.0","29,850.0","20.32M","2.34%"
"02/02/2024","29,900.0","29,950.0","30,150.0","29,750.0","10.08M","0.34%"
"02/01/2024","29,800.0","29,900.0","30,150.0","29,700.0","10.67M","-0.33%"
"01/31/2024","29,900.0","30,750.0","30,900.0","29,800.0","34.44M","-2.61%"
"01/30/2024","30,700.0","30,350.0","30,700.0","30,300.0","11.43M","1.15%"
"01/29/2024","30,350.0","30,300.0","30,650.0","30,300.0","8.94M","0.17%"
"01/26/2024","30,300.0","30,700.0","30,700.0","30,200.0","15.14M","-0.66%"
"01/25/2024","30,500.0","31,000.0","31,000.0","30,300.0","17.45M","-0.81%"
"01/24/2024","30,750.0","30,450.0","31,250.0","30,400.0","24.68M","0.82%"
"01/23/2024","30,500.0","30,350.0","30,700.0","30,250.0","17.93M","0.83%"
"01/22/2024","30,250.0","30,500.0","30,600.0","30,150.0","13.40M","-0.17%"
"01/19/2024","30,300.0","30,000.0","30,300.0","29,950.0","19.38M","1.68%"
"01/18/2024","29,800.0","29,750.0","30,250.0","29,650.0","14.26M","0.34%"
"01/17/2024","29,700.0","29,900.0","30,050.0","29,700.0","15.24M","-0.67%"
"01/16/2024","29,900.0","29,750.0","29,900.0","29,600.0","13.16M","0.34%"
"01/15/2024","29,800.0","30,100.0","30,250.0","29,700.0","13.06M","-0.33%"
"01/12/2024","29,900.0","29,300.0","30,150.0","29,100.0","41.15M","1.36%"
"01/11/2024","29,500.0","29,700.0","29,950.0","29,200.0","24.45M","0.17%"
"01/10/2024","29,450.0","29,100.0","29,800.0","29,100.0","25.10M","0.86%"
"01/09/2024","29,200.0","29,200.0","29,500.0","29,100.0","16.76M","0.00%"
"01/08/2024","29,200.0","29,600.0","29,650.0","29,000.0","15.85M","-0.34%"
"01/05/2024","29,300.0","29,000.0","29,450.0","28,850.0","31.29M","2.45%"
"01/04/2024","28,600.0","28,600.0","29,550.0","28,500.0","31.41M","0.35%"
"01/03/2024","28,500.0","27,750.0","28,500.0","27,600.0","19.99M","2.70%"
"01/02/2024","27,750.0","28,000.0","28,150.0","27,750.0","14.81M","-0.72%"
"12/29/2023","27,950.0","27,650.0","28,100.0","27,600.0","16.01M","1.27%"
"12/28/2023","27,600.0","27,450.0","27,800.0","27,350.0","10.41M","0.73%"
"12/27/2023","27,400.0","27,500.0","27,650.0","27,350.0","10.69M","-0.36%"
"12/26/2023","27,500.0","27,600.0","27,600.0","27,150.0","13.85M","0.00%"
"12/25/2023","27,500.0","27,250.0","27,800.0","27,250.0","12.75M","1.10%"
"12/22/2023","27,200.0","26,600.0","27,450.0","26,300.0","22.25M","2.26%"
"12/21/2023","26,600.0","26,750.0","26,850.0","26,500.0","10.02M","-1.30%"
"12/20/2023","26,950.0","26,700.0","26,950.0","26,450.0","8.22M","1.32%"
"12/19/2023","26,600.0","26,300.0","26,600.0","25,850.0","18.26M","1.14%"
"12/18/2023","26,300.0","27,100.0","27,200.0","26,300.0","21.73M","-2.95%"
"12/15/2023","27,100.0","27,100.0","27,450.0","27,050.0","12.86M","0.00%"
"12/14/2023","27,100.0","27,700.0","27,750.0","27,100.0","14.27M","-1.28%"
"12/13/2023","27,450.0","28,000.0","28,200.0","27,450.0","20.64M","-1.96%"
"12/12/2023","28,000.0","27,950.0","28,100.0","27,800.0","6.95M","0.54%"
"12/11/2023","27,850.0","28,300.0","28,400.0","27,850.0","14.35M","-1.24%"
"12/08/2023","28,200.0","28,700.0","28,850.0","28,200.0","14.68M","-1.23%"
"12/07/2023","28,550.0","28,300.0","28,950.0","28,050.0","29.26M","1.60%"
"12/06/2023","28,100.0","27,700.0","28,100.0","27,700.0","14.18M","1.08%"
"12/05/2023","27,800.0","28,150.0","28,300.0","27,800.0","12.59M","-1.42%"
"12/04/2023","28,200.0","27,600.0","28,350.0","27,550.0","19.61M","2.55%"
"12/01/2023","27,500.0","27,500.0","27,650.0","27,050.0","13.64M","0.00%"
"11/30/2023","27,500.0","27,800.0","28,100.0","27,500.0","13.61M","-1.08%"
"11/29/2023","27,800.0","28,050.0","28,250.0","27,800.0","12.03M","-1.24%"
"11/28/2023","28,150.0","27,500.0","28,150.0","26,850.0","17.25M","2.74%"
"11/27/2023","27,400.0","28,200.0","28,200.0","27,400.0","19.83M","-3.18%"
"11/24/2023","28,300.0","28,400.0","28,400.0","27,500.0","23.86M","0.35%"
"11/23/2023","28,200.0","29,150.0","29,300.0","28,200.0","16.58M","-3.09%"
"11/22/2023","29,100.0","29,300.0","29,450.0","28,750.0","19.08M","-0.68%"
"11/21/2023","29,300.0","29,550.0","29,600.0","29,100.0","7.02M","0.34%"
"11/20/2023","29,200.0","28,700.0","29,450.0","28,700.0","16.24M","-0.51%"
"11/17/2023","29,350.0","30,250.0","30,400.0","29,050.0","22.16M","-2.81%"
"11/16/2023","30,200.0","29,900.0","30,200.0","29,750.0","9.78M","0.67%"
"11/15/2023","30,000.0","30,600.0","30,700.0","29,800.0","16.57M","0.00%"
"11/14/2023","30,000.0","29,600.0","30,450.0","29,500.0","18.57M","2.56%"
"11/13/2023","29,250.0","29,500.0","29,600.0","29,000.0","15.89M","-0.85%"
"11/10/2023","29,500.0","29,400.0","30,000.0","29,250.0","13.74M","-0.51%"
"11/09/2023","29,650.0","30,050.0","30,300.0","29,650.0","22.23M","-1.17%"
"11/08/2023","30,000.0","28,900.0","30,100.0","28,750.0","20.91M","3.45%"
"11/07/2023","29,000.0","29,150.0","29,300.0","28,900.0","11.14M","-1.53%"
"11/06/2023","29,450.0","28,650.0","29,500.0","28,600.0","26.75M","3.33%"
"11/03/2023","28,500.0","29,200.0","29,200.0","28,400.0","18.86M","-1.72%"
"11/02/2023","29,000.0","27,950.0","29,050.0","27,900.0","15.52M","4.88%"
"11/01/2023","27,650.0","27,500.0","27,700.0","27,100.0","8.56M","2.41%"
"10/31/2023","27,000.0","27,100.0","27,550.0","26,550.0","28.00M","0.00%"
"10/30/2023","27,000.0","28,750.0","28,800.0","27,000.0","21.27M","-5.92%"
"10/27/2023","28,700.0","28,550.0","29,250.0","28,150.0","16.88M","2.14%"
"10/26/2023","28,100.0","29,000.0","29,200.0","27,700.0","40.84M","-4.91%"
"10/25/2023","29,550.0","30,000.0","30,200.0","29,550.0","8.07M","-1.50%"
"10/24/2023","30,000.0","30,000.0","30,200.0","29,750.0","11.93M","1.01%"
"10/23/2023","29,700.0","29,800.0","30,100.0","29,400.0","13.70M","-1.33%"
"10/20/2023","30,100.0","29,000.0","30,300.0","28,850.0","18.95M","3.79%"
"10/19/2023","29,000.0","29,500.0","29,900.0","28,950.0","20.42M","-2.36%"
"10/18/2023","29,700.0","30,100.0","30,300.0","29,350.0","20.15M","-1.00%"
"10/17/2023","30,000.0","30,450.0","30,700.0","30,000.0","11.77M","-0.66%"
"10/16/2023","30,200.0","31,400.0","31,450.0","30,200.0","25.87M","-4.13%"
"10/13/2023","31,500.0","31,200.0","31,600.0","31,000.0","11.31M","-0.32%"
"10/12/2023","31,600.0","31,950.0","31,950.0","31,300.0","8.16M","-0.47%"
"10/11/2023","31,750.0","31,250.0","31,800.0","31,150.0","8.37M","1.60%"
"10/10/2023","31,250.0","31,350.0","31,650.0","31,250.0","11.51M","0.16%"
"10/09/2023","31,200.0","30,950.0","31,300.0","30,600.0","9.20M","0.81%"
"10/06/2023","30,950.0","29,850.0","30,950.0","29,650.0","13.11M","3.51%"
"10/05/2023","29,900.0","30,100.0","30,350.0","29,850.0","10.31M","-0.99%"
"10/04/2023","30,200.0","28,900.0","30,600.0","28,850.0","20.42M","3.42%"
"10/03/2023","29,200.0","30,650.0","30,650.0","29,050.0","33.38M","-5.35%"
"10/02/2023","30,850.0","30,750.0","31,100.0","30,600.0","10.89M","0.65%"
"09/29/2023","30,650.0","31,000.0","31,250.0","30,650.0","12.28M","-0.33%"
"09/28/2023","30,750.0","31,700.0","31,700.0","30,450.0","29.42M","-3.30%"
"09/27/2023","31,800.0","31,500.0","31,800.0","30,550.0","19.34M","1.44%"
"09/26/2023","31,350.0","31,950.0","32,200.0","31,350.0","17.06M","-0.95%"
"09/25/2023","31,650.0","32,800.0","33,150.0","31,400.0","25.66M","-3.80%"
"09/22/2023","32,900.0","32,000.0","33,000.0","31,350.0","35.95M","1.70%"
"09/21/2023","32,350.0","33,200.0","33,700.0","32,350.0","31.02M","-2.71%"
"09/20/2023","33,250.0","33,300.0","33,550.0","33,200.0","10.59M","-0.15%"
"09/19/2023","33,300.0","32,700.0","33,600.0","32,650.0","33.67M","2.15%"
"09/18/2023","32,600.0","32,300.0","33,050.0","32,300.0","15.20M","0.31%"
"09/15/2023","32,500.0","32,300.0","33,150.0","32,100.0","34.14M","2.20%"
"09/14/2023","31,800.0","32,000.0","32,450.0","31,800.0","14.94M","-0.47%"
"09/13/2023","31,950.0","32,500.0","32,550.0","31,850.0","17.04M","-1.24%"
"09/12/2023","32,350.0","31,800.0","32,350.0","31,350.0","14.34M","2.37%"
"09/11/2023","31,600.0","32,700.0","32,700.0","31,550.0","32.70M","-2.77%"
"09/08/2023","32,500.0","32,800.0","32,950.0","32,500.0","18.55M","-1.52%"
"09/07/2023","33,000.0","33,000.0","33,250.0","32,650.0","20.73M","-0.15%"
"09/06/2023","33,050.0","32,600.0","33,050.0","32,150.0","23.14M","1.07%"
"09/05/2023","32,700.0","32,700.0","33,150.0","32,400.0","22.52M","0.15%"
"08/31/2023","32,650.0","32,500.0","32,650.0","32,350.0","18.73M","0.46%"
"08/30/2023","32,500.0","31,800.0","32,500.0","31,800.0","27.24M","2.36%"
"08/29/2023","31,750.0","31,800.0","31,900.0","31,350.0","17.67M","0.32%"
"08/28/2023","31,650.0","31,150.0","31,900.0","30,950.0","18.71M","1.77%"
"08/25/2023","31,100.0","31,300.0","31,500.0","30,950.0","17.15M","-1.43%"
"08/24/2023","31,550.0","31,100.0","31,700.0","30,900.0","14.09M","2.10%"
"08/23/2023","30,900.0","32,100.0","32,200.0","30,750.0","38.65M","-3.89%"
"08/22/2023","32,150.0","32,000.0","32,150.0","30,500.0","32.92M","1.10%"
"08/21/2023","31,800.0","31,600.0","32,700.0","31,300.0","35.26M","1.60%"
"08/18/2023","31,300.0","32,100.0","32,450.0","30,300.0","45.15M","-3.25%"
"08/17/2023","32,350.0","32,600.0","32,800.0","32,250.0","14.88M","-1.67%"
"08/16/2023","32,900.0","31,500.0","32,900.0","31,200.0","44.95M","4.44%"
"08/15/2023","31,500.0","31,900.0","32,000.0","31,450.0","16.93M","-1.25%"
"08/14/2023","31,900.0","31,900.0","32,000.0","31,500.0","16.89M","0.16%"
"08/11/2023","31,850.0","30,750.0","32,100.0","30,550.0","33.18M","4.26%"
"08/10/2023","30,550.0","31,150.0","31,300.0","30,550.0","13.40M","-2.08%"
"08/09/2023","31,200.0","29,850.0","31,200.0","29,650.0","37.82M","4.70%"
"08/08/2023","29,800.0","30,350.0","30,400.0","29,750.0","15.55M","-0.83%"
"08/07/2023","30,050.0","29,050.0","30,250.0","29,050.0","49.62M","3.80%"
"08/04/2023","28,950.0","28,600.0","28,950.0","28,500.0","18.10M","1.22%"
"08/03/2023","28,600.0","29,150.0","29,200.0","28,600.0","20.54M","-1.72%"
"08/02/2023","29,100.0","28,900.0","29,300.0","28,800.0","18.42M","0.52%"
"08/01/2023","28,950.0","29,100.0","29,700.0","28,900.0","41.82M","0.00%"
"07/31/2023","28,950.0","28,900.0","29,100.0","28,500.0","21.20M","1.05%"
"07/28/2023","28,650.0","28,100.0","28,750.0","28,100.0","19.91M","1.96%"
"07/27/2023","28,100.0","28,300.0","28,450.0","27,900.0","21.10M","-0.71%"
"07/26/2023","28,300.0","28,500.0","28,500.0","28,200.0","13.25M","-0.70%"
"07/25/2023","28,500.0","28,600.0","29,150.0","28,400.0","19.70M","-0.70%"
"07/24/2023","28,700.0","28,750.0","28,900.0","28,450.0","17.38M","-0.17%"
"07/21/2023","28,750.0","27,950.0","28,750.0","27,800.0","29.53M","3.23%"
"07/20/2023","27,850.0","28,250.0","28,300.0","27,600.0","27.25M","-1.42%"
"07/19/2023","28,250.0","28,450.0","28,600.0","28,200.0","11.97M","-0.70%"
"07/18/2023","28,450.0","28,000.0","28,450.0","27,900.0","23.02M","1.61%"
"07/17/2023","28,000.0","28,850.0","28,900.0","28,000.0","41.71M","-3.45%"
"07/14/2023","29,000.0","30,200.0","30,200.0","27,900.0","74.86M","-3.33%"
"07/13/2023","30,000.0","29,650.0","30,000.0","29,650.0","11.70M","0.67%"
"07/12/2023","29,800.0","29,800.0","29,900.0","29,300.0","32.14M","-0.67%"
"07/11/2023","30,000.0","30,050.0","30,350.0","29,850.0","17.90M","0.50%"
"07/10/2023","29,850.0","29,800.0","29,950.0","29,500.0","11.19M","0.84%"
"07/07/2023","29,600.0","29,100.0","29,600.0","29,000.0","9.71M","1.72%"
"07/06/2023","29,100.0","29,850.0","29,900.0","29,100.0","26.34M","-2.68%"
"07/05/2023","29,900.0","29,850.0","30,250.0","29,650.0","14.56M","0.17%"
"07/04/2023","29,850.0","29,700.0","29,850.0","29,300.0","17.23M","0.51%"
"07/03/2023","29,700.0","29,800.0","29,950.0","29,450.0","7.05M","-0.34%"
"06/30/2023","29,800.0","29,550.0","29,800.0","29,300.0","8.14M","0.85%"
"06/29/2023","29,550.0","29,950.0","30,050.0","29,300.0","14.84M","-1.17%"
"06/28/2023","29,900.0","29,700.0","30,000.0","29,550.0","13.69M","1.01%"
"06/27/2023","29,600.0","29,550.0","29,750.0","29,450.0","11.22M","0.00%"
"06/26/2023","29,600.0","30,200.0","30,250.0","29,250.0","31.16M","-2.31%"
"06/23/2023","30,300.0","30,200.0","30,650.0","30,000.0","16.89M","1.00%"
"06/22/2023","30,000.0","29,700.0","30,200.0","29,500.0","21.64M","2.04%"
"06/21/2023","29,400.0","29,250.0","29,550.0","29,100.0","16.89M","0.51%"
"06/20/2023","29,250.0","28,900.0","29,250.0","28,700.0","10.69M","1.74%"
"06/19/2023","28,750.0","29,150.0","29,150.0","28,750.0","8.52M","-0.86%"
"06/16/2023","29,000.0","28,050.0","29,600.0","28,000.0","44.86M","4.32%"
"06/15/2023","27,800.0","27,800.0","27,900.0","27,600.0","11.05M","0.00%"
"06/14/2023","27,800.0","28,250.0","28,450.0","27,800.0","16.59M","-1.42%"
"06/13/2023","28,200.0","28,200.0","28,400.0","27,950.0","9.05M","0.00%"
"06/12/2023","28,200.0","28,150.0","28,200.0","27,500.0","11.28M","0.36%"
"06/09/2023","28,100.0","27,700.0","28,100.0","27,250.0","12.85M","1.81%"
"06/08/2023","27,600.0","28,300.0","28,400.0","27,600.0","20.26M","-2.65%"
"06/07/2023","28,350.0","28,700.0","28,800.0","28,150.0","12.98M","0.18%"
"06/06/2023","28,300.0","28,050.0","28,300.0","27,750.0","17.18M","0.89%"
"06/05/2023","28,050.0","28,550.0","28,650.0","28,050.0","14.18M","-0.88%"
"06/02/2023","28,300.0","28,200.0","28,800.0","28,150.0","17.87M","1.07%"
"06/01/2023","28,000.0","27,650.0","28,000.0","27,650.0","8.84M","1.08%"
"05/31/2023","27,700.0","27,700.0","27,900.0","27,550.0","15.06M","0.00%"
"05/30/2023","27,700.0","27,950.0","27,950.0","27,400.0","9.10M","0.00%"
"05/29/2023","27,700.0","27,400.0","27,700.0","27,300.0","9.98M","1.84%"
"05/26/2023","27,200.0","27,250.0","27,250.0","26,850.0","11.44M","0.74%"
"05/25/2023","27,000.0","27,200.0","27,500.0","26,850.0","35.28M","-1.46%"
"05/24/2023","27,400.0","28,000.0","28,050.0","27,300.0","21.76M","-1.97%"
"05/23/2023","27,950.0","28,200.0","28,300.0","27,700.0","17.31M","-0.71%"
"05/22/2023","28,150.0","28,000.0","28,500.0","27,800.0","17.74M","1.08%"
"05/19/2023","27,850.0","27,350.0","27,950.0","27,200.0","24.34M","2.39%"
"05/18/2023","27,200.0","27,150.0","27,500.0","27,000.0","15.19M","0.74%"
"05/17/2023","27,000.0","27,400.0","27,500.0","26,900.0","17.69M","-1.46%"
"05/16/2023","27,400.0","27,000.0","27,550.0","27,000.0","13.15M","1.48%"
"05/15/2023","27,000.0","27,000.0","27,600.0","26,900.0","29.85M","0.75%"
"05/12/2023","26,800.0","26,550.0","26,850.0","26,350.0","16.49M","1.52%"
"05/11/2023","26,400.0","26,400.0","26,750.0","26,300.0","14.94M","0.19%"
"05/10/2023","26,350.0","25,800.0","26,450.0","25,750.0","14.51M","2.33%"
"05/09/2023","25,750.0","25,650.0","25,900.0","25,600.0","7.32M","0.39%"
"05/08/2023","25,650.0","25,000.0","25,700.0","25,000.0","10.20M","2.81%"
"05/05/2023","24,950.0","25,050.0","25,250.0","24,850.0","7.68M","-0.80%"
"05/04/2023","25,150.0","25,050.0","25,300.0","24,950.0","8.45M","-0.59%"
"04/28/2023","25,300.0","25,250.0","25,450.0","25,150.0","6.78M","0.60%"
"04/27/2023","25,150.0","25,400.0","25,500.0","25,150.0","6.55M","-0.98%"
"04/26/2023","25,400.0","25,050.0","25,400.0","24,650.0","12.44M","1.40%"
"04/25/2023","25,050.0","25,750.0","25,900.0","24,900.0","15.45M","-1.96%"
"04/24/2023","25,550.0","25,650.0","25,900.0","25,450.0","7.66M","-0.20%"
"04/21/2023","25,600.0","25,700.0","25,800.0","25,500.0","8.71M","-0.39%"
"04/20/2023","25,700.0","25,600.0","25,800.0","25,500.0","9.01M","0.78%"
"04/19/2023","25,500.0","26,000.0","26,000.0","25,500.0","14.17M","-1.54%"
"04/18/2023","25,900.0","25,900.0","26,100.0","25,800.0","10.11M","0.00%"
"04/17/2023","25,900.0","25,800.0","26,050.0","25,650.0","10.20M","0.78%"
"04/14/2023","25,700.0","26,700.0","26,750.0","25,700.0","16.40M","-2.84%"
"04/13/2023","26,450.0","26,200.0","26,550.0","26,050.0","16.21M","1.34%"
"04/12/2023","26,100.0","25,950.0","26,400.0","25,800.0","20.36M","0.58%"
"04/11/2023","25,950.0","25,900.0","25,950.0","25,600.0","13.35M","0.00%"
"04/10/2023","25,950.0","26,100.0","26,500.0","25,850.0","16.47M","-0.19%"
"04/07/2023","26,000.0","25,750.0","26,000.0","25,500.0","15.46M","1.36%"
"04/06/2023","25,650.0","26,250.0","26,400.0","25,650.0","26.27M","-2.29%"
"04/05/2023","26,250.0","26,900.0","26,900.0","25,900.0","39.45M","-2.42%"
"04/04/2023","26,900.0","26,750.0","26,950.0","26,500.0","17.73M","0.56%"
"04/03/2023","26,750.0","26,600.0","27,050.0","26,500.0","25.29M","2.10%"
"03/31/2023","26,200.0","26,000.0","26,350.0","25,850.0","22.41M","0.77%"
"03/30/2023","26,000.0","25,700.0","26,450.0","25,400.0","39.40M","2.56%"
"03/29/2023","25,350.0","25,500.0","25,650.0","25,150.0","16.81M","-0.20%"
"03/28/2023","25,400.0","25,900.0","26,000.0","25,300.0","17.18M","-0.39%"
"03/27/2023","25,500.0","25,050.0","25,700.0","24,950.0","16.70M","1.80%"
"03/24/2023","25,050.0","25,250.0","25,550.0","25,050.0","16.11M","0.20%"
"03/23/2023","25,000.0","24,550.0","25,150.0","24,500.0","12.24M","0.81%"
"03/22/2023","24,800.0","24,750.0","25,250.0","24,600.0","16.55M","0.81%"
"03/21/2023","24,600.0","24,500.0","24,650.0","24,150.0","10.86M","1.65%"
"03/20/2023","24,200.0","25,000.0","25,050.0","24,200.0","16.97M","-3.39%"
"03/17/2023","25,050.0","24,750.0","25,050.0","24,550.0","21.26M","1.83%"
"03/16/2023","24,600.0","24,800.0","24,950.0","24,500.0","19.67M","-2.96%"
"03/15/2023","25,350.0","25,100.0","25,500.0","24,900.0","20.10M","3.89%"
"03/14/2023","24,400.0","24,900.0","25,050.0","24,100.0","25.33M","-2.40%"
"03/13/2023","25,000.0","25,600.0","25,750.0","25,000.0","29.61M","-3.85%"
"03/10/2023","26,000.0","26,500.0","26,850.0","25,950.0","23.48M","-1.89%"
"03/09/2023","26,500.0","25,500.0","27,100.0","25,450.0","42.58M","4.54%"
"03/08/2023","25,350.0","24,850.0","25,350.0","24,850.0","13.74M","1.40%"
"03/07/2023","25,000.0","25,050.0","25,300.0","24,850.0","15.48M","0.40%"
"03/06/2023","24,900.0","25,250.0","25,600.0","24,700.0","18.56M","-0.40%"
"03/03/2023","25,000.0","25,650.0","25,750.0","25,000.0","11.81M","-2.34%"
"03/02/2023","25,600.0","25,400.0","25,700.0","25,200.0","11.12M","0.79%"
"03/01/2023","25,400.0","23,600.0","25,400.0","23,600.0","21.61M","6.95%"
"02/28/2023","23,750.0","23,950.0","24,000.0","23,600.0","6.46M","0.64%"
"02/27/2023","23,600.0","24,000.0","24,200.0","23,600.0","13.40M","-2.88%"
"02/24/2023","24,300.0","25,050.0","25,050.0","24,300.0","8.46M","-2.80%"
"02/23/2023","25,000.0","24,600.0","25,000.0","24,050.0","14.25M","1.21%"
"02/22/2023","24,700.0","25,100.0","25,500.0","24,700.0","18.52M","-2.56%"
"02/21/2023","25,350.0","25,950.0","26,100.0","25,350.0","16.56M","-1.36%"
"02/20/2023","25,700.0","24,300.0","25,700.0","24,200.0","20.15M","5.33%"
"02/17/2023","24,400.0","24,600.0","24,900.0","24,350.0","17.98M","2.09%"
"02/16/2023","23,900.0","23,750.0","24,250.0","23,450.0","15.37M","2.36%"
"02/15/2023","23,350.0","24,100.0","24,600.0","22,950.0","33.36M","-4.30%"
"02/14/2023","24,400.0","24,500.0","24,850.0","24,050.0","9.25M","-0.41%"
"02/13/2023","24,500.0","23,800.0","24,500.0","23,350.0","17.39M","3.59%"
"02/10/2023","23,650.0","24,500.0","24,800.0","23,650.0","16.17M","-3.27%"
"02/09/2023","24,450.0","25,200.0","25,700.0","24,200.0","37.34M","-2.20%"
"02/08/2023","25,000.0","25,900.0","25,950.0","25,000.0","28.19M","-2.91%"
"02/07/2023","25,750.0","25,900.0","26,300.0","25,550.0","19.76M","0.19%"
"02/06/2023","25,700.0","26,100.0","26,400.0","25,600.0","19.36M","-1.34%"
"02/03/2023","26,050.0","26,350.0","27,150.0","26,050.0","30.63M","-0.38%"
"02/02/2023","26,150.0","25,700.0","26,350.0","25,400.0","18.43M","1.95%"
"02/01/2023","25,650.0","27,100.0","27,300.0","25,400.0","16.20M","-5.35%"
"01/31/2023","27,100.0","25,850.0","27,100.0","25,150.0","25.36M","4.84%"
"01/30/2023","25,850.0","26,500.0","26,650.0","25,850.0","18.54M","-3.00%"
"01/27/2023","26,650.0","27,100.0","27,400.0","26,650.0","8.53M","-0.56%"
"01/19/2023","26,800.0","26,550.0","27,000.0","26,500.0","12.06M","0.00%"
"01/18/2023","26,800.0","26,550.0","26,850.0","26,550.0","8.51M","0.94%"
"01/17/2023","26,550.0","25,500.0","26,550.0","25,500.0","14.39M","4.12%"
"01/16/2023","25,500.0","25,400.0","25,550.0","25,000.0","7.93M","0.79%"
"01/13/2023","25,300.0","25,150.0","25,450.0","24,950.0","13.35M","1.40%"
"01/12/2023","24,950.0","24,900.0","24,950.0","24,550.0","7.15M","1.01%"
"01/11/2023","24,700.0","25,250.0","25,400.0","24,700.0","10.08M","-1.00%"
"01/10/2023","24,950.0","24,650.0","25,300.0","24,150.0","14.76M","1.22%"
"01/09/2023","24,650.0","24,600.0","25,000.0","24,200.0","13.24M","1.44%"
"01/06/2023","24,300.0","24,250.0","25,100.0","24,100.0","25.67M","0.41%"
"01/05/2023","24,200.0","23,400.0","24,250.0","23,400.0","19.22M","3.86%"
"01/04/2023","23,300.0","23,600.0","24,100.0","23,300.0","18.04M","-0.85%"
"01/03/2023","23,500.0","22,500.0","23,600.0","22,500.0","16.25M","4.44%"
"12/30/2022","22,500.0","22,600.0","22,700.0","22,200.0","10.62M","0.67%"
"12/29/2022","22,350.0","22,700.0","22,950.0","22,350.0","9.45M","-2.40%"
"12/28/2022","22,900.0","22,600.0","23,000.0","22,050.0","15.20M","1.78%"
"12/27/2022","22,500.0","22,000.0","23,000.0","21,850.0","20.84M","2.74%"
"12/26/2022","21,900.0","23,450.0","23,550.0","21,900.0","20.49M","-6.81%"
"12/23/2022","23,500.0","23,450.0","23,700.0","22,900.0","13.23M","0.43%"
"12/22/2022","23,400.0","23,750.0","24,150.0","23,100.0","17.47M","-0.64%"
"12/21/2022","23,550.0","22,750.0","23,800.0","22,300.0","35.45M","4.90%"
"12/20/2022","22,450.0","22,000.0","22,450.0","21,250.0","28.92M","0.22%"
"12/19/2022","22,400.0","23,000.0","23,400.0","22,400.0","23.18M","-1.75%"
"12/16/2022","22,800.0","22,850.0","23,200.0","22,550.0","25.28M","-1.94%"
"12/15/2022","23,250.0","23,100.0","23,650.0","22,650.0","20.33M","0.00%"
"12/14/2022","23,250.0","23,000.0","23,500.0","22,700.0","21.02M","3.10%"
"12/13/2022","22,550.0","21,350.0","22,600.0","21,050.0","25.99M","5.87%"
"12/12/2022","21,300.0","22,500.0","22,600.0","21,300.0","20.77M","-4.91%"
"12/09/2022","22,400.0","22,500.0","22,600.0","21,900.0","26.47M","3.23%"
"12/08/2022","21,700.0","20,750.0","21,700.0","20,750.0","20.04M","6.90%"
"12/07/2022","20,300.0","20,550.0","20,900.0","19,700.0","27.77M","-2.17%"
"12/06/2022","20,750.0","22,250.0","22,650.0","20,750.0","49.35M","-6.95%"
"12/05/2022","22,300.0","22,300.0","22,300.0","21,850.0","38.51M","6.95%"
"12/02/2022","20,850.0","19,800.0","20,850.0","19,500.0","27.69M","6.92%"
"12/01/2022","19,500.0","20,200.0","21,100.0","19,500.0","39.13M","-2.50%"
"11/30/2022","20,000.0","19,550.0","20,200.0","19,150.0","25.46M","1.27%"
"11/29/2022","19,750.0","19,500.0","19,950.0","18,900.0","26.28M","0.25%"
"11/28/2022","19,700.0","19,100.0","19,750.0","19,050.0","28.23M","4.23%"
"11/25/2022","18,900.0","18,500.0","18,950.0","18,000.0","24.96M","3.85%"
"11/24/2022","18,200.0","17,300.0","18,200.0","16,900.0","18.31M","4.00%"
"11/23/2022","17,500.0","16,900.0","17,900.0","16,900.0","25.67M","3.55%"
"11/22/2022","16,900.0","16,600.0","17,850.0","16,600.0","30.78M","1.20%"
"11/21/2022","16,700.0","17,300.0","17,400.0","16,700.0","17.50M","-2.34%"
"11/18/2022","17,100.0","16,950.0","17,650.0","16,450.0","32.56M","-0.58%"
"11/17/2022","17,200.0","16,900.0","17,250.0","16,600.0","35.15M","6.50%"
"11/16/2022","16,150.0","14,800.0","16,150.0","14,450.0","29.34M","6.95%"
"11/15/2022","15,100.0","15,750.0","16,000.0","14,850.0","27.65M","-4.73%"
"11/14/2022","15,850.0","15,450.0","16,100.0","14,850.0","36.93M","1.60%"
"11/11/2022","15,600.0","15,600.0","16,200.0","15,450.0","39.52M","2.97%"
"11/10/2022","15,150.0","16,000.0","16,250.0","15,150.0","37.39M","-6.77%"
"11/09/2022","16,250.0","16,800.0","17,050.0","15,800.0","35.90M","-1.22%"
"11/08/2022","16,450.0","15,500.0","16,550.0","15,300.0","22.03M","6.13%"
"11/07/2022","15,500.0","16,350.0","16,700.0","15,500.0","20.70M","-6.63%"
"11/04/2022","16,600.0","17,050.0","17,250.0","16,050.0","32.10M","-3.77%"
"11/03/2022","17,250.0","16,800.0","17,450.0","16,800.0","19.53M","2.07%"
"11/02/2022","16,900.0","16,900.0","17,300.0","16,750.0","19.12M","0.00%"
"11/01/2022","16,900.0","16,500.0","17,250.0","16,350.0","29.46M","4.64%"
"10/31/2022","16,150.0","16,200.0","16,500.0","15,600.0","16.78M","0.00%"
"10/28/2022","16,150.0","16,450.0","16,850.0","16,100.0","18.82M","0.62%"
"10/27/2022","16,050.0","15,000.0","16,050.0","15,000.0","21.99M","7.00%"
"10/26/2022","15,000.0","15,150.0","15,400.0","14,800.0","7.62M","0.67%"
"10/25/2022","14,900.0","14,900.0","15,850.0","14,050.0","22.83M","0.34%"
"10/24/2022","14,850.0","16,050.0","16,350.0","14,850.0","27.15M","-6.90%"
"10/21/2022","15,950.0","17,100.0","17,250.0","15,950.0","22.53M","-7.00%"
"10/20/2022","17,150.0","17,250.0","17,750.0","16,900.0","13.25M","-0.87%"
"10/19/2022","17,300.0","17,750.0","17,850.0","16,900.0","17.99M","-2.26%"
"10/18/2022","17,700.0","18,500.0","18,650.0","17,500.0","14.15M","-2.48%"
"10/17/2022","18,150.0","17,450.0","18,150.0","17,300.0","12.85M","2.83%"
"10/14/2022","17,650.0","18,100.0","18,100.0","17,450.0","25.07M","0.00%"
"10/13/2022","17,650.0","17,050.0","17,700.0","16,950.0","16.49M","4.13%"
"10/12/2022","16,950.0","15,950.0","16,950.0","15,900.0","15.16M","6.94%"
"10/11/2022","15,850.0","16,950.0","17,000.0","15,850.0","24.98M","-6.76%"
"10/10/2022","17,000.0","16,200.0","17,250.0","15,750.0","34.12M","1.49%"
"10/07/2022","16,750.0","17,600.0","17,600.0","16,750.0","40.98M","-6.94%"
"10/06/2022","18,000.0","19,350.0","19,350.0","17,950.0","18.66M","-6.49%"
"10/05/2022","19,250.0","19,350.0","19,500.0","19,000.0","10.61M","2.67%"
"10/04/2022","18,750.0","19,750.0","19,750.0","18,600.0","15.97M","-2.34%"
"10/03/2022","19,200.0","20,300.0","20,400.0","19,200.0","14.94M","-6.80%"
"09/30/2022","20,600.0","19,600.0","20,800.0","19,500.0","16.49M","4.57%"
"09/29/2022","19,700.0","20,600.0","20,700.0","19,700.0","7.93M","-2.96%"
"09/28/2022","20,300.0","20,200.0","20,600.0","20,150.0","6.50M","-0.98%"
"09/27/2022","20,500.0","20,800.0","20,800.0","20,400.0","5.44M","0.00%"
"09/26/2022","20,500.0","20,950.0","21,000.0","20,250.0","16.61M","-4.43%"
"09/23/2022","21,450.0","21,800.0","22,000.0","21,450.0","6.96M","-2.28%"
"09/22/2022","21,950.0","21,450.0","21,950.0","21,450.0","5.22M","0.92%"
"09/21/2022","21,750.0","22,050.0","22,100.0","21,750.0","3.71M","-1.81%"
"09/20/2022","22,150.0","21,900.0","22,300.0","21,650.0","6.37M","2.55%"
"09/19/2022","21,600.0","22,600.0","22,650.0","21,600.0","10.74M","-3.79%"
"09/16/2022","22,450.0","22,950.0","23,000.0","22,450.0","16.35M","-2.60%"
"09/15/2022","23,050.0","23,250.0","23,350.0","22,800.0","8.40M","0.00%"
"09/14/2022","23,050.0","22,650.0","23,050.0","22,500.0","10.17M","0.00%"
"09/13/2022","23,050.0","23,000.0","23,450.0","23,000.0","6.53M","-0.22%"
"09/12/2022","23,100.0","23,750.0","23,900.0","23,100.0","5.73M","-2.74%"
"09/09/2022","23,750.0","24,000.0","24,050.0","22,650.0","21.14M","-0.63%"
"09/08/2022","23,900.0","24,700.0","24,700.0","23,900.0","10.36M","-1.85%"
"09/07/2022","24,350.0","24,700.0","25,450.0","24,350.0","22.42M","-1.42%"
"09/06/2022","24,700.0","24,700.0","25,050.0","24,650.0","6.31M","0.00%"
"09/05/2022","24,700.0","24,700.0","24,850.0","24,600.0","5.29M","-0.40%"
"08/31/2022","24,800.0","24,550.0","24,900.0","24,400.0","7.67M","0.61%"
"08/30/2022","24,650.0","24,900.0","25,100.0","24,650.0","8.08M","-0.80%"
"08/29/2022","24,850.0","24,700.0","24,850.0","24,050.0","15.06M","-1.00%"
"08/26/2022","25,100.0","25,700.0","25,800.0","25,100.0","10.74M","-2.14%"
"08/25/2022","25,650.0","25,550.0","25,650.0","25,400.0","8.89M","0.98%"
"08/24/2022","25,400.0","25,100.0","25,550.0","24,800.0","13.33M","1.60%"
"08/23/2022","25,000.0","24,600.0","25,000.0","24,300.0","9.88M","1.21%"
"08/22/2022","24,700.0","25,000.0","25,200.0","24,700.0","9.67M","-1.59%"
"08/19/2022","25,100.0","25,250.0","25,500.0","25,050.0","7.72M","-0.40%"
"08/18/2022","25,200.0","25,200.0","25,650.0","25,000.0","12.92M","-0.79%"
"08/17/2022","25,400.0","25,550.0","25,600.0","25,300.0","11.13M","-0.59%"
"08/16/2022","25,550.0","25,800.0","25,800.0","25,350.0","9.49M","-0.39%"
"08/15/2022","25,650.0","25,900.0","26,350.0","25,650.0","13.67M","0.00%"
"08/12/2022","25,650.0","25,050.0","25,650.0","25,050.0","8.39M","1.79%"
"08/11/2022","25,200.0","25,200.0","25,600.0","24,800.0","15.66M","1.20%"
"08/10/2022","24,900.0","25,200.0","25,300.0","24,900.0","8.97M","-1.39%"
"08/09/2022","25,250.0","25,300.0","25,500.0","25,000.0","7.86M","-0.20%"
"08/08/2022","25,300.0","25,250.0","25,650.0","25,100.0","7.66M","0.20%"
"08/05/2022","25,250.0","25,100.0","25,250.0","24,850.0","12.67M","0.20%"
"08/04/2022","25,200.0","25,650.0","25,700.0","25,100.0","13.13M","-0.98%"
"08/03/2022","25,450.0","24,850.0","25,650.0","24,750.0","14.34M","2.00%"
"08/02/2022","24,950.0","25,000.0","25,500.0","24,850.0","18.61M","-0.99%"
"08/01/2022","25,200.0","24,500.0","25,600.0","24,500.0","16.70M","2.02%"
"07/29/2022","24,700.0","24,650.0","24,900.0","24,300.0","17.76M","1.02%"
"07/28/2022","24,450.0","23,350.0","24,650.0","23,250.0","40.24M","6.07%"
"07/27/2022","23,050.0","22,850.0","23,050.0","22,750.0","9.17M","0.44%"
"07/26/2022","22,950.0","22,950.0","22,950.0","22,700.0","9.28M","0.44%"
"07/25/2022","22,850.0","23,000.0","23,300.0","22,800.0","6.67M","-0.65%"
"07/22/2022","23,000.0","23,300.0","23,500.0","23,000.0","11.58M","-0.43%"
"07/21/2022","23,100.0","23,050.0","23,600.0","23,000.0","17.95M","0.22%"
"07/20/2022","23,050.0","23,250.0","23,500.0","22,950.0","11.20M","0.44%"
"07/19/2022","22,950.0","22,550.0","23,150.0","22,450.0","11.69M","1.77%"
"07/18/2022","22,550.0","23,050.0","23,400.0","22,550.0","14.31M","-1.96%"
"07/15/2022","23,000.0","23,400.0","23,750.0","22,950.0","16.98M","-1.29%"
"07/14/2022","23,300.0","22,900.0","23,350.0","22,800.0","12.88M","1.08%"
"07/13/2022","23,050.0","22,600.0","23,400.0","22,600.0","17.15M","1.99%"
"07/12/2022","22,600.0","22,150.0","22,800.0","21,950.0","12.47M","2.49%"
"07/11/2022","22,050.0","22,250.0","22,450.0","21,650.0","21.17M","-2.00%"
"07/08/2022","22,500.0","23,000.0","23,050.0","22,350.0","15.74M","-0.44%"
"07/07/2022","22,600.0","22,500.0","23,150.0","22,100.0","15.94M","0.44%"
"07/06/2022","22,500.0","22,600.0","23,400.0","22,450.0","17.73M","-2.39%"
"07/05/2022","23,050.0","22,400.0","23,600.0","22,350.0","30.05M","3.13%"
"07/04/2022","22,350.0","22,300.0","22,950.0","22,100.0","22.13M","1.59%"
"07/01/2022","22,000.0","21,400.0","22,050.0","20,700.0","16.87M","2.33%"
"06/30/2022","21,500.0","22,550.0","22,750.0","21,500.0","18.79M","-4.87%"
"06/29/2022","22,600.0","22,100.0","23,300.0","22,100.0","13.81M","0.22%"
"06/28/2022","22,550.0","21,500.0","22,800.0","21,350.0","24.89M","4.88%"
"06/27/2022","21,500.0","21,400.0","21,750.0","21,150.0","9.79M","1.42%"
"06/24/2022","21,200.0","21,300.0","21,800.0","21,050.0","11.60M","-0.47%"
"06/23/2022","21,300.0","20,150.0","21,700.0","20,150.0","15.47M","3.90%"
"06/22/2022","20,500.0","19,700.0","20,500.0","19,600.0","9.69M","6.77%"
"06/21/2022","19,200.0","18,850.0","19,600.0","18,700.0","10.84M","1.86%"
"06/20/2022","18,850.0","20,300.0","20,550.0","18,850.0","16.89M","-6.91%"
"06/17/2022","20,250.0","20,500.0","20,500.0","19,800.0","12.49M","-3.57%"
"06/16/2022","21,000.0","21,100.0","21,250.0","20,800.0","11.25M","1.45%"
"06/15/2022","20,700.0","21,000.0","21,050.0","19,950.0","13.26M","-0.96%"
"06/14/2022","20,900.0","20,350.0","21,250.0","20,350.0","12.47M","1.46%"
"06/13/2022","20,600.0","21,050.0","21,600.0","20,500.0","16.68M","-5.94%"
"06/10/2022","21,900.0","21,800.0","22,700.0","21,750.0","17.45M","-1.79%"
"06/09/2022","22,300.0","22,250.0","22,350.0","21,700.0","16.07M","3.24%"
"06/08/2022","21,600.0","20,400.0","21,600.0","20,300.0","11.49M","6.93%"
"06/07/2022","20,200.0","20,500.0","20,550.0","19,800.0","16.80M","-1.46%"
"06/06/2022","20,500.0","21,150.0","21,400.0","20,500.0","17.16M","-3.07%"
"06/03/2022","21,150.0","21,500.0","21,700.0","20,950.0","12.08M","-1.86%"
"06/02/2022","21,550.0","22,350.0","22,400.0","21,450.0","15.93M","-3.15%"
"06/01/2022","22,250.0","22,300.0","22,600.0","22,000.0","14.73M","-0.45%"
"05/31/2022","22,350.0","22,600.0","22,800.0","22,350.0","12.81M","-1.97%"
"05/30/2022","22,800.0","22,450.0","23,000.0","22,250.0","16.39M","2.47%"
"05/27/2022","22,250.0","22,500.0","22,700.0","22,100.0","15.04M","-0.67%"
"05/26/2022","22,400.0","22,600.0","22,750.0","22,300.0","15.27M","-1.54%"
"05/25/2022","22,750.0","22,000.0","22,850.0","22,000.0","20.35M","4.60%"
"05/24/2022","21,750.0","20,350.0","21,750.0","20,100.0","17.95M","6.88%"
"05/23/2022","20,350.0","21,750.0","21,750.0","20,150.0","30.82M","-5.79%"
"05/20/2022","21,600.0","21,750.0","22,050.0","21,500.0","14.33M","-0.69%"
"05/19/2022","21,750.0","21,300.0","22,400.0","21,250.0","22.22M","0.00%"
"05/18/2022","21,750.0","20,950.0","21,750.0","20,700.0","27.10M","6.88%"
"05/17/2022","20,350.0","18,700.0","20,350.0","18,600.0","30.82M","6.82%"
"05/16/2022","19,050.0","21,100.0","21,300.0","19,050.0","35.19M","-6.85%"
"05/13/2022","20,450.0","21,500.0","21,950.0","20,450.0","22.54M","-6.83%"
"05/12/2022","21,950.0","23,450.0","23,450.0","21,950.0","24.21M","-6.79%"
"05/11/2022","23,550.0","23,900.0","24,000.0","22,800.0","13.07M","-1.46%"
"05/10/2022","23,900.0","22,550.0","23,900.0","22,550.0","18.39M","0.63%"
"05/09/2022","23,750.0","25,100.0","25,100.0","23,750.0","23.97M","-6.86%"
"05/06/2022","25,500.0","26,000.0","26,600.0","25,400.0","15.25M","-5.20%"
"05/05/2022","26,900.0","27,000.0","27,050.0","25,900.0","13.51M","0.56%"
"05/04/2022","26,750.0","27,700.0","27,700.0","26,700.0","8.98M","-3.43%"
"04/29/2022","27,700.0","27,550.0","28,150.0","27,400.0","11.17M","0.00%"
"04/28/2022","27,700.0","27,850.0","28,200.0","27,400.0","6.52M","-1.77%"
"04/27/2022","28,200.0","27,000.0","28,200.0","26,450.0","8.59M","2.92%"
"04/26/2022","27,400.0","26,600.0","27,500.0","25,650.0","11.11M","2.24%"
"04/25/2022","26,800.0","28,800.0","29,000.0","26,800.0","14.39M","-6.94%"
"04/22/2022","28,800.0","28,100.0","29,000.0","27,800.0","11.53M","4.16%"
"04/21/2022","27,650.0","27,400.0","28,350.0","27,100.0","9.90M","0.36%"
"04/20/2022","27,550.0","27,800.0","28,200.0","27,450.0","12.02M","0.18%"
"04/19/2022","27,500.0","29,100.0","29,400.0","27,500.0","15.85M","-5.17%"
"04/18/2022","29,000.0","30,100.0","30,200.0","29,000.0","14.86M","-3.65%"
"04/15/2022","30,100.0","30,700.0","31,000.0","30,100.0","10.46M","-2.27%"
"04/14/2022","30,800.0","31,350.0","31,500.0","30,750.0","6.47M","-1.75%"
"04/13/2022","31,350.0","31,000.0","31,500.0","30,700.0","6.92M","1.79%"
"04/12/2022","30,800.0","31,150.0","31,450.0","30,500.0","9.62M","-0.65%"
"04/08/2022","31,000.0","31,900.0","31,950.0","30,900.0","18.75M","-2.82%"
"04/07/2022","31,900.0","32,400.0","32,900.0","31,750.0","11.48M","-1.39%"
"04/06/2022","32,350.0","31,800.0","32,600.0","31,550.0","12.15M","1.73%"
"04/05/2022","31,800.0","32,050.0","32,300.0","31,800.0","8.73M","-1.24%"
"04/04/2022","32,200.0","32,500.0","32,700.0","32,150.0","10.19M","0.00%"
"04/01/2022","32,200.0","31,650.0","32,250.0","31,550.0","9.16M","1.58%"
"03/31/2022","31,700.0","32,100.0","32,450.0","31,700.0","9.02M","-1.71%"
"03/30/2022","32,250.0","31,950.0","32,650.0","31,500.0","15.93M","-0.15%"
"03/29/2022","32,300.0","32,100.0","32,350.0","31,750.0","12.69M","1.41%"
"03/28/2022","31,850.0","33,500.0","33,550.0","31,800.0","36.75M","-5.35%"
"03/25/2022","33,650.0","33,600.0","34,000.0","33,600.0","11.34M","0.00%"
"03/24/2022","33,650.0","34,000.0","34,050.0","33,600.0","9.92M","-1.03%"
"03/23/2022","34,000.0","34,000.0","34,300.0","33,650.0","15.50M","-0.15%"
"03/22/2022","34,050.0","33,350.0","34,200.0","33,350.0","24.58M","2.87%"
"03/21/2022","33,100.0","33,100.0","33,450.0","32,800.0","12.85M","0.00%"
"03/18/2022","33,100.0","32,800.0","33,250.0","32,550.0","26.73M","0.91%"
"03/17/2022","32,800.0","33,000.0","33,150.0","32,650.0","10.88M","-0.30%"
"03/16/2022","32,900.0","32,800.0","32,950.0","32,550.0","11.15M","0.61%"
"03/15/2022","32,700.0","32,500.0","33,150.0","32,350.0","17.47M","0.62%"
"03/14/2022","32,500.0","32,050.0","32,600.0","31,850.0","20.98M","1.40%"
"03/11/2022","32,050.0","31,400.0","32,450.0","31,300.0","15.99M","1.58%"
"03/10/2022","31,550.0","31,750.0","32,000.0","31,550.0","12.22M","1.45%"
"03/09/2022","31,100.0","31,000.0","31,300.0","30,500.0","14.91M","0.81%"
"03/08/2022","30,850.0","31,050.0","31,650.0","30,650.0","16.48M","-2.06%"
"03/07/2022","31,500.0","31,200.0","32,000.0","31,200.0","16.73M","-1.56%"
"03/04/2022","32,000.0","31,850.0","32,550.0","31,500.0","13.26M","0.47%"
"03/03/2022","31,850.0","31,550.0","31,900.0","31,100.0","19.79M","1.92%"
"03/02/2022","31,250.0","32,500.0","32,550.0","31,100.0","45.28M","-4.29%"
"03/01/2022","32,650.0","33,000.0","33,000.0","32,650.0","16.92M","-0.61%"
"02/28/2022","32,850.0","33,000.0","33,350.0","32,800.0","16.46M","-0.45%"
"02/25/2022","33,000.0","33,100.0","33,550.0","32,900.0","17.79M","0.30%"
"02/24/2022","32,900.0","33,400.0","33,700.0","32,000.0","30.48M","-2.08%"
"02/23/2022","33,600.0","33,900.0","33,950.0","33,600.0","13.87M","-0.30%"
"02/22/2022","33,700.0","32,900.0","33,700.0","32,800.0","24.42M","1.51%"
"02/21/2022","33,200.0","33,350.0","33,550.0","32,800.0","21.15M","-0.45%"
"02/18/2022","33,350.0","33,600.0","33,800.0","33,200.0","18.49M","-1.62%"
"02/17/2022","33,900.0","33,600.0","34,250.0","33,450.0","15.74M","0.89%"
"02/16/2022","33,600.0","33,750.0","34,100.0","33,100.0","20.06M","0.30%"
"02/15/2022","33,500.0","33,100.0","33,900.0","32,700.0","31.17M","1.98%"
"02/14/2022","32,850.0","34,850.0","35,000.0","32,850.0","37.42M","-6.94%"
"02/11/2022","35,300.0","34,750.0","35,350.0","34,450.0","18.45M","1.58%"
"02/10/2022","34,750.0","35,000.0","35,250.0","34,200.0","33.96M","-0.86%"
"02/09/2022","35,050.0","36,000.0","36,700.0","35,000.0","32.93M","-2.23%"
"02/08/2022","35,850.0","35,350.0","36,200.0","35,350.0","18.82M","0.70%"
"02/07/2022","35,600.0","36,000.0","36,300.0","35,450.0","18.65M","0.14%"
"01/28/2022","35,550.0","35,200.0","36,200.0","35,200.0","22.21M","0.42%"
"01/27/2022","35,400.0","35,300.0","35,950.0","34,750.0","23.70M","-0.42%"
"01/26/2022","35,550.0","35,000.0","36,500.0","34,800.0","48.91M","2.45%"
"01/25/2022","34,700.0","33,100.0","34,800.0","33,000.0","24.09M","4.20%"
"01/24/2022","33,300.0","34,400.0","34,950.0","33,000.0","30.19M","-3.76%"
"01/21/2022","34,600.0","33,600.0","35,250.0","33,350.0","39.14M","2.37%"
"01/20/2022","33,800.0","32,600.0","33,900.0","31,800.0","30.98M","2.74%"
"01/19/2022","32,900.0","34,300.0","34,400.0","32,700.0","20.80M","-2.95%"
"01/18/2022","33,900.0","32,600.0","34,500.0","32,550.0","39.68M","3.99%"
"01/17/2022","32,600.0","35,500.0","35,600.0","32,600.0","44.37M","-6.86%"
"01/14/2022","35,000.0","33,800.0","35,450.0","33,750.0","26.70M","2.04%"
"01/13/2022","34,300.0","35,400.0","36,200.0","34,300.0","43.95M","-1.15%"
"01/12/2022","34,700.0","32,500.0","34,700.0","31,650.0","62.42M","6.93%"
"01/11/2022","32,450.0","31,800.0","33,300.0","31,700.0","29.60M","2.69%"
"01/10/2022","31,600.0","31,950.0","32,950.0","31,150.0","28.38M","-1.10%"
"01/07/2022","31,950.0","32,700.0","32,950.0","31,950.0","28.17M","-2.29%"
"01/06/2022","32,700.0","32,500.0","33,900.0","32,400.0","38.54M","0.46%"
"01/05/2022","32,550.0","31,900.0","32,800.0","31,700.0","36.94M","1.40%"
"01/04/2022","32,100.0","32,000.0","32,850.0","31,700.0","32.86M","1.90%"
"12/31/2021","31,500.0","30,700.0","32,300.0","30,500.0","35.41M","3.28%"
"12/30/2021","30,500.0","29,600.0","31,050.0","29,600.0","26.16M","3.39%"
"12/29/2021","29,500.0","30,500.0","30,800.0","29,500.0","16.20M","-1.83%"
"12/28/2021","30,050.0","28,250.0","30,050.0","28,050.0","45.05M","6.94%"
"12/27/2021","28,100.0","28,450.0","28,450.0","27,850.0","7.41M","-0.35%"
"12/24/2021","28,200.0","27,400.0","28,250.0","27,400.0","10.41M","2.92%"
"12/23/2021","27,400.0","27,600.0","27,800.0","26,900.0","14.27M","-0.90%"
"12/22/2021","27,650.0","28,450.0","28,600.0","27,200.0","12.05M","-1.95%"
"12/21/2021","28,200.0","28,650.0","28,800.0","28,200.0","9.48M","-1.57%"
"12/20/2021","28,650.0","28,250.0","28,700.0","28,150.0","13.06M","1.24%"
"12/17/2021","28,300.0","28,650.0","28,700.0","28,000.0","9.27M","-1.05%"
"12/16/2021","28,600.0","28,700.0","28,700.0","28,000.0","11.08M","0.88%"
"12/15/2021","28,350.0","28,100.0","28,900.0","27,700.0","15.19M","0.89%"
"12/14/2021","28,100.0","28,550.0","28,800.0","28,100.0","11.43M","-1.92%"
"12/13/2021","28,650.0","28,600.0","29,000.0","28,350.0","10.71M","0.17%"
"12/10/2021","28,600.0","28,850.0","29,050.0","28,400.0","9.89M","-0.87%"
"12/09/2021","28,850.0","28,500.0","28,900.0","28,400.0","11.92M","0.87%"
"12/08/2021","28,600.0","28,050.0","28,800.0","27,800.0","15.75M","1.96%"
"12/07/2021","28,050.0","27,300.0","28,100.0","26,900.0","12.83M","3.89%"
"12/06/2021","27,000.0","28,000.0","28,400.0","26,400.0","26.47M","-3.57%"
"12/03/2021","28,000.0","29,400.0","29,550.0","28,000.0","23.48M","-4.44%"
"12/02/2021","29,300.0","29,900.0","30,050.0","29,300.0","13.46M","-2.01%"
"12/01/2021","29,900.0","28,800.0","29,900.0","28,750.0","19.24M","3.46%"
"11/30/2021","28,900.0","30,250.0","30,300.0","28,650.0","35.42M","-3.34%"
"11/29/2021","29,900.0","30,100.0","30,600.0","29,800.0","38.63M","-3.08%"
"11/26/2021","30,850.0","30,700.0","31,450.0","30,500.0","29.14M","0.65%"
"11/25/2021","30,650.0","31,000.0","31,250.0","30,350.0","28.51M","0.66%"
"11/24/2021","30,450.0","28,500.0","30,450.0","28,350.0","67.32M","6.84%"
"11/23/2021","28,500.0","28,950.0","28,950.0","28,300.0","10.73M","-1.04%"
"11/22/2021","28,800.0","28,000.0","29,500.0","27,900.0","35.71M","3.23%"
"11/19/2021","27,900.0","27,700.0","28,450.0","27,000.0","22.04M","0.90%"
"11/18/2021","27,650.0","28,150.0","28,150.0","27,550.0","12.18M","-1.25%"
"11/17/2021","28,000.0","28,100.0","28,300.0","27,600.0","10.32M","-0.18%"
"11/16/2021","28,050.0","28,000.0","28,800.0","27,700.0","22.04M","0.36%"
"11/15/2021","27,950.0","28,400.0","28,400.0","27,650.0","12.70M","-0.53%"
"11/12/2021","28,100.0","27,450.0","28,450.0","27,300.0","17.02M","1.44%"
"11/11/2021","27,700.0","28,550.0","28,600.0","27,700.0","22.52M","-2.64%"
"11/10/2021","28,450.0","28,200.0","28,750.0","28,150.0","16.09M","1.25%"
"11/09/2021","28,100.0","28,050.0","28,800.0","27,300.0","26.35M","0.90%"
"11/08/2021","27,850.0","27,650.0","28,000.0","27,300.0","22.64M","0.72%"
"11/05/2021","27,650.0","27,500.0","27,750.0","27,350.0","9.44M","0.73%"
"11/04/2021","27,450.0","27,900.0","28,150.0","27,450.0","13.51M","-1.61%"
"11/03/2021","27,900.0","26,800.0","28,450.0","26,500.0","41.00M","4.69%"
"11/02/2021","26,650.0","26,700.0","26,800.0","26,500.0","9.86M","0.19%"
"11/01/2021","26,600.0","26,600.0","27,050.0","26,200.0","14.69M","0.00%"
"10/29/2021","26,600.0","26,600.0","26,700.0","26,200.0","10.00M","-0.37%"
"10/28/2021","26,700.0","26,600.0","26,700.0","26,000.0","11.06M","0.75%"
"10/27/2021","26,500.0","25,750.0","26,650.0","25,650.0","18.10M","3.52%"
"10/26/2021","25,600.0","25,600.0","25,750.0","25,200.0","10.16M","0.00%"
"10/25/2021","25,600.0","26,000.0","26,250.0","25,600.0","15.09M","-2.29%"
"10/22/2021","26,200.0","26,400.0","26,400.0","26,000.0","6.24M","0.38%"
"10/21/2021","26,100.0","26,500.0","26,600.0","26,000.0","8.67M","-0.76%"
"10/20/2021","26,300.0","26,400.0","26,750.0","25,650.0","14.90M","0.38%"
"10/19/2021","26,200.0","26,900.0","26,950.0","26,200.0","8.32M","-2.60%"
"10/18/2021","26,900.0","27,000.0","27,200.0","26,850.0","14.77M","0.19%"
"10/15/2021","26,850.0","26,500.0","27,200.0","26,400.0","18.82M","1.70%"
"10/14/2021","26,400.0","26,200.0","26,700.0","26,200.0","8.76M","0.57%"
"10/13/2021","26,250.0","26,700.0","26,750.0","26,200.0","9.60M","-1.32%"
"10/12/2021","26,600.0","26,750.0","26,800.0","26,350.0","11.68M","0.38%"
"10/11/2021","26,500.0","25,900.0","26,600.0","25,900.0","16.46M","3.11%"
"10/08/2021","25,700.0","25,600.0","26,000.0","25,300.0","9.33M","0.78%"
"10/07/2021","25,500.0","25,500.0","25,750.0","24,900.0","10.02M","0.00%"
"10/06/2021","25,500.0","25,800.0","25,800.0","25,450.0","11.70M","-0.97%"
"10/05/2021","25,750.0","24,400.0","25,750.0","24,400.0","13.48M","5.97%"
"10/04/2021","24,300.0","24,500.0","24,800.0","24,050.0","15.74M","-1.62%"
"10/01/2021","24,700.0","25,650.0","25,650.0","24,500.0","24.15M","-3.89%"
"09/30/2021","25,700.0","25,850.0","26,150.0","25,700.0","10.10M","-0.39%"
"09/29/2021","25,800.0","26,500.0","26,550.0","25,700.0","19.93M","-2.82%"
"09/28/2021","26,550.0","26,350.0","26,600.0","26,200.0","9.95M","0.19%"
"09/27/2021","26,500.0","27,000.0","27,100.0","26,500.0","10.52M","-0.93%"
"09/24/2021","26,750.0","26,700.0","27,200.0","26,600.0","13.85M","0.56%"
"09/23/2021","26,600.0","26,750.0","27,000.0","26,600.0","12.78M","-0.37%"
"09/22/2021","26,700.0","26,800.0","26,850.0","26,550.0","8.39M","-0.37%"
"09/21/2021","26,800.0","26,850.0","27,050.0","26,500.0","14.21M","-1.11%"
"09/20/2021","27,100.0","27,000.0","27,500.0","26,900.0","17.46M","1.12%"
"09/17/2021","26,800.0","26,900.0","27,100.0","26,700.0","16.37M","0.19%"
"09/16/2021","26,750.0","26,900.0","26,950.0","26,600.0","5.19M","0.56%"
"09/15/2021","26,600.0","26,650.0","26,900.0","26,550.0","10.16M","-0.19%"
"09/14/2021","26,650.0","26,900.0","27,200.0","26,650.0","12.64M","-0.93%"
"09/13/2021","26,900.0","27,250.0","27,300.0","26,800.0","10.65M","-1.10%"
"09/10/2021","27,200.0","27,500.0","27,600.0","27,150.0","10.70M","-0.55%"
"09/09/2021","27,350.0","27,150.0","27,500.0","27,100.0","9.34M","0.18%"
"09/08/2021","27,300.0","27,900.0","28,100.0","27,300.0","9.67M","-2.15%"
"09/07/2021","27,900.0","27,750.0","28,350.0","27,550.0","13.78M","1.27%"
"09/06/2021","27,550.0","27,200.0","27,850.0","27,100.0","16.26M","1.29%"
"09/01/2021","27,200.0","27,200.0","27,500.0","27,200.0","10.29M","-0.55%"
"08/31/2021","27,350.0","28,000.0","28,000.0","27,300.0","11.98M","-1.97%"
"08/30/2021","27,900.0","27,350.0","27,950.0","27,200.0","11.73M","2.20%"
"08/27/2021","27,300.0","27,000.0","27,300.0","26,550.0","16.48M","0.74%"
"08/26/2021","27,100.0","27,500.0","27,550.0","26,850.0","13.17M","-0.91%"
"08/25/2021","27,350.0","27,350.0","27,550.0","27,100.0","8.16M","0.37%"
"08/24/2021","27,250.0","26,900.0","27,850.0","26,650.0","25.86M","0.93%"
"08/23/2021","27,000.0","28,200.0","28,500.0","27,000.0","29.89M","-4.59%"
"08/20/2021","28,300.0","29,800.0","29,900.0","28,000.0","42.11M","-5.51%"
"08/19/2021","29,950.0","29,800.0","30,050.0","29,600.0","16.70M","0.00%"
"08/18/2021","29,950.0","30,000.0","30,150.0","29,550.0","22.20M","-0.66%"
"08/17/2021","30,150.0","30,300.0","30,600.0","30,000.0","20.33M","-0.50%"
"08/16/2021","30,300.0","29,850.0","30,400.0","29,400.0","24.10M","2.02%"
"08/13/2021","29,700.0","29,600.0","29,800.0","29,150.0","22.96M","0.34%"
"08/12/2021","29,600.0","30,300.0","30,500.0","29,600.0","27.94M","-2.63%"
"08/11/2021","30,400.0","30,500.0","30,850.0","30,350.0","26.16M","-0.65%"
"08/10/2021","30,600.0","30,850.0","31,000.0","30,300.0","24.37M","-0.33%"
"08/09/2021","30,700.0","30,300.0","30,800.0","30,100.0","20.91M","1.32%"
"08/06/2021","30,300.0","31,000.0","31,150.0","30,300.0","30.92M","-2.42%"
"08/05/2021","31,050.0","30,600.0","31,250.0","30,300.0","30.72M","1.31%"
"08/04/2021","30,650.0","29,800.0","30,800.0","29,650.0","48.35M","2.85%"
"08/03/2021","29,800.0","29,400.0","29,800.0","29,250.0","26.54M","1.71%"
"08/02/2021","29,300.0","29,800.0","30,400.0","29,300.0","26.51M","-2.01%"
"07/30/2021","29,900.0","29,400.0","30,350.0","29,250.0","32.25M","2.05%"
"07/29/2021","29,300.0","29,100.0","29,400.0","29,000.0","16.10M","1.38%"
"07/28/2021","28,900.0","28,900.0","29,450.0","28,700.0","17.53M","-0.69%"
"07/27/2021","29,100.0","29,000.0","29,750.0","28,700.0","29.76M","1.39%"
"07/26/2021","28,700.0","28,900.0","29,300.0","28,350.0","15.10M","0.00%"
"07/23/2021","28,700.0","28,300.0","29,950.0","27,900.0","63.58M","2.50%"
"07/22/2021","28,000.0","27,850.0","28,150.0","27,650.0","16.62M","0.54%"
"07/21/2021","27,850.0","28,300.0","28,400.0","27,800.0","14.14M","-0.89%"
"07/20/2021","28,100.0","27,800.0","28,100.0","27,200.0","23.88M","2.18%"
"07/19/2021","27,500.0","27,500.0","27,950.0","26,700.0","38.56M","-3.34%"
"07/16/2021","28,450.0","28,900.0","29,100.0","28,400.0","19.47M","-1.22%"
"07/15/2021","28,800.0","27,100.0","28,800.0","27,100.0","25.37M","5.11%"
"07/14/2021","27,400.0","28,700.0","28,700.0","27,000.0","25.27M","-4.53%"
"07/13/2021","28,700.0","28,800.0","29,000.0","28,050.0","18.44M","1.06%"
"07/12/2021","28,400.0","29,150.0","29,200.0","27,100.0","62.62M","-2.41%"
"07/09/2021","29,100.0","30,000.0","30,500.0","29,000.0","38.41M","-3.64%"
"07/08/2021","30,200.0","31,000.0","31,300.0","30,100.0","32.24M","-2.74%"
"07/07/2021","31,050.0","30,650.0","31,150.0","30,000.0","41.48M","2.31%"
"07/06/2021","30,350.0","32,800.0","33,100.0","30,350.0","38.58M","-6.90%"
"07/05/2021","32,600.0","31,600.0","32,600.0","30,900.0","53.69M","3.49%"
"07/02/2021","31,500.0","31,100.0","31,950.0","31,100.0","41.48M","1.61%"
"07/01/2021","31,000.0","30,600.0","31,250.0","30,450.0","29.59M","1.31%"
"06/30/2021","30,600.0","30,950.0","31,400.0","30,500.0","16.50M","-1.29%"
"06/29/2021","31,000.0","30,500.0","31,500.0","30,400.0","36.07M","2.65%"
"06/28/2021","30,200.0","29,800.0","30,400.0","29,450.0","19.30M","2.37%"
"06/25/2021","29,500.0","29,000.0","29,500.0","28,900.0","15.57M","1.72%"
"06/24/2021","29,000.0","29,750.0","29,900.0","28,850.0","21.75M","-2.52%"
"06/23/2021","29,750.0","30,200.0","30,350.0","29,750.0","24.11M","-1.49%"
"06/22/2021","30,200.0","30,150.0","30,750.0","29,850.0","25.19M","1.17%"
"06/21/2021","29,850.0","29,500.0","30,300.0","29,350.0","24.07M","0.67%"
"06/18/2021","29,650.0","29,900.0","30,100.0","29,500.0","16.99M","0.85%"
"06/17/2021","29,400.0","28,550.0","29,650.0","28,550.0","19.58M","0.68%"
"06/16/2021","29,200.0","29,600.0","30,200.0","29,000.0","30.69M","-2.99%"
"06/15/2021","30,100.0","30,800.0","30,800.0","29,800.0","29.66M","-2.27%"
"06/14/2021","30,800.0","30,700.0","31,300.0","30,400.0","26.89M","0.98%"
"06/11/2021","30,500.0","29,100.0","30,800.0","28,800.0","36.44M","5.54%"
"06/10/2021","28,900.0","29,600.0","30,050.0","28,800.0","23.98M","-2.36%"
"06/09/2021","29,600.0","28,500.0","30,350.0","28,000.0","37.52M","3.50%"
"06/08/2021","28,600.0","30,200.0","31,300.0","28,600.0","47.30M","-6.84%"
"06/07/2021","30,700.0","31,800.0","32,000.0","30,000.0","38.82M","-4.51%"
"06/04/2021","32,150.0","32,200.0","33,000.0","31,800.0","37.48M","-1.83%"
"06/03/2021","32,750.0","33,200.0","33,200.0","32,200.0","30.95M","1.71%"
"06/02/2021","32,200.0","31,600.0","32,400.0","31,200.0","51.66M","-0.62%"
"06/01/2021","32,400.0","33,500.0","33,550.0","32,350.0","47.06M","-4.14%"
"05/31/2021","33,800.0","32,150.0","33,900.0","31,900.0","42.13M","6.12%"
"05/28/2021","31,850.0","30,400.0","31,850.0","30,000.0","73.84M","6.88%"
"05/27/2021","29,800.0","29,550.0","30,300.0","29,000.0","46.75M","1.02%"
"05/26/2021","29,500.0","29,600.0","29,800.0","29,350.0","31.49M","0.51%"
"05/25/2021","29,350.0","28,950.0","29,750.0","28,900.0","24.12M","1.56%"
"05/24/2021","28,900.0","28,850.0","29,250.0","28,800.0","31.60M","0.17%"
"05/21/2021","28,850.0","29,250.0","29,800.0","28,800.0","45.79M","-1.87%"
"05/20/2021","29,400.0","28,450.0","29,550.0","28,100.0","57.27M","3.16%"
"05/19/2021","28,500.0","27,300.0","28,700.0","27,300.0","46.48M","4.40%"
"05/18/2021","27,300.0","25,900.0","27,400.0","25,650.0","44.75M","5.20%"
"05/17/2021","25,950.0","26,500.0","26,700.0","25,850.0","39.75M","-1.70%"
"05/14/2021","26,400.0","26,600.0","26,850.0","26,150.0","32.74M","0.38%"
"05/13/2021","26,300.0","26,050.0","27,150.0","26,050.0","47.11M","-0.19%"
"05/12/2021","26,350.0","24,850.0","26,350.0","24,800.0","59.48M","6.90%"
"05/11/2021","24,650.0","24,450.0","25,450.0","24,450.0","58.01M","1.44%"
"05/10/2021","24,300.0","23,800.0","24,500.0","23,700.0","41.49M","1.25%"
"05/07/2021","24,000.0","24,250.0","24,550.0","23,800.0","48.46M","-1.64%"
"05/06/2021","24,400.0","24,550.0","24,900.0","24,300.0","34.27M","-1.21%"
"05/05/2021","24,700.0","24,150.0","25,100.0","24,050.0","51.68M","2.49%"
"05/04/2021","24,100.0","23,300.0","24,200.0","23,150.0","54.31M","0.84%"
"04/29/2021","23,900.0","24,250.0","24,600.0","23,850.0","38.89M","-1.24%"
"04/28/2021","24,200.0","23,100.0","24,350.0","22,900.0","71.13M","4.76%"
"04/27/2021","23,100.0","22,550.0","23,250.0","22,300.0","47.55M","2.44%"
"04/26/2021","22,550.0","22,900.0","23,200.0","22,450.0","41.63M","0.45%"
"04/23/2021","22,450.0","21,300.0","22,450.0","20,900.0","45.23M","6.90%"
"04/22/2021","21,000.0","22,500.0","22,600.0","21,000.0","35.45M","-6.67%"
"04/20/2021","22,500.0","23,000.0","23,150.0","22,300.0","29.74M","-1.75%"
"04/19/2021","22,900.0","22,300.0","22,900.0","22,000.0","29.03M","3.62%"
"04/16/2021","22,100.0","22,200.0","22,800.0","21,800.0","41.49M","-1.12%"
"04/15/2021","22,350.0","23,000.0","23,000.0","22,200.0","36.95M","-2.40%"
"04/14/2021","22,900.0","22,500.0","22,950.0","22,200.0","35.11M","0.88%"
"04/13/2021","22,700.0","23,450.0","23,550.0","22,600.0","46.63M","-3.20%"
"04/12/2021","23,450.0","23,000.0","23,850.0","22,750.0","49.31M","3.30%"
"04/09/2021","22,700.0","22,200.0","22,900.0","22,200.0","25.32M","2.25%"
"04/08/2021","22,200.0","22,500.0","22,600.0","22,000.0","26.67M","-0.45%"
"04/07/2021","22,300.0","22,300.0","22,600.0","22,100.0","51.63M","-1.98%"
"04/06/2021","22,750.0","22,600.0","23,200.0","22,600.0","42.37M","-1.73%"
"04/05/2021","23,150.0","23,000.0","23,300.0","22,600.0","46.16M","2.43%"
"04/02/2021","22,600.0","21,900.0","22,950.0","21,800.0","56.04M","4.63%"
"04/01/2021","21,600.0","21,400.0","21,650.0","21,100.0","33.20M","0.70%"
"03/31/2021","21,450.0","21,450.0","21,900.0","21,250.0","56.67M","4.63%"
"03/30/2021","20,500.0","19,250.0","20,500.0","19,000.0","99.98M","6.77%"
"03/29/2021","19,200.0","19,050.0","19,250.0","18,900.0","37.00M","1.32%"
"03/26/2021","18,950.0","18,750.0","19,100.0","18,300.0","23.37M","1.07%"
"03/25/2021","18,750.0","18,600.0","19,050.0","18,450.0","28.72M","1.90%"
"03/24/2021","18,400.0","18,550.0","18,850.0","18,300.0","22.97M","-2.13%"
"03/23/2021","18,800.0","19,200.0","19,200.0","18,750.0","25.30M","-2.08%"
"03/22/2021","19,200.0","19,700.0","19,700.0","19,150.0","32.82M","-2.04%"
"03/19/2021","19,600.0","19,600.0","19,900.0","19,550.0","24.33M","-0.51%"
"03/18/2021","19,700.0","19,850.0","19,950.0","19,600.0","19.88M","0.51%"
"03/17/2021","19,600.0","19,000.0","19,750.0","19,000.0","38.32M","3.70%"
"03/16/2021","18,900.0","18,950.0","19,150.0","18,750.0","23.80M","0.00%"
"03/15/2021","18,900.0","19,200.0","19,350.0","18,900.0","22.95M","-1.56%"
"03/12/2021","19,200.0","19,400.0","19,500.0","19,000.0","19.94M","-0.52%"
"03/11/2021","19,300.0","19,000.0","19,350.0","18,850.0","34.59M","3.21%"
"03/10/2021","18,700.0","18,650.0","18,900.0","18,400.0","18.97M","0.81%"
"03/09/2021","18,550.0","18,500.0","18,700.0","18,300.0","14.77M","-0.27%"
"03/08/2021","18,600.0","19,000.0","19,150.0","18,500.0","13.65M","-0.53%"
"03/05/2021","18,700.0","18,350.0","18,850.0","18,150.0","24.86M","1.91%"
"03/04/2021","18,350.0","19,050.0","19,150.0","18,300.0","23.54M","-3.42%"
"03/03/2021","19,000.0","19,150.0","19,300.0","19,000.0","16.62M","-0.78%"
"03/02/2021","19,150.0","19,600.0","19,600.0","19,050.0","21.14M","0.26%"
"03/01/2021","19,100.0","18,600.0","19,150.0","18,500.0","35.78M","4.09%"
"02/26/2021","18,350.0","18,250.0","18,550.0","18,200.0","17.42M","-0.81%"
"02/25/2021","18,500.0","18,600.0","18,650.0","18,200.0","18.34M","0.82%"
"02/24/2021","18,350.0","18,950.0","19,150.0","18,300.0","24.70M","-2.39%"
"02/23/2021","18,800.0","18,650.0","19,000.0","18,500.0","24.90M","1.08%"
"02/22/2021","18,600.0","18,800.0","19,200.0","18,550.0","25.99M","-0.53%"
"02/19/2021","18,700.0","18,400.0","19,000.0","18,250.0","22.59M","0.54%"
"02/18/2021","18,600.0","18,700.0","18,800.0","18,450.0","22.50M","-0.80%"
"02/17/2021","18,750.0","18,300.0","18,800.0","18,200.0","21.03M","3.31%"
"02/09/2021","18,150.0","17,500.0","18,200.0","17,100.0","18.23M","4.31%"
"02/08/2021","17,400.0","18,300.0","18,450.0","17,100.0","24.04M","-4.92%"
"02/05/2021","18,300.0","17,650.0","18,300.0","17,600.0","18.06M","3.98%"
"02/04/2021","17,600.0","17,900.0","18,150.0","17,550.0","18.65M","-2.22%"
"02/03/2021","18,000.0","17,350.0","18,200.0","17,150.0","27.11M","4.96%"
"02/02/2021","17,150.0","16,400.0","17,200.0","16,000.0","20.76M","6.52%"
"02/01/2021","16,100.0","17,000.0","17,450.0","16,100.0","23.12M","-4.73%"
"01/29/2021","16,900.0","15,500.0","17,150.0","15,500.0","31.23M","5.30%"
"01/28/2021","16,050.0","16,150.0","16,950.0","16,050.0","45.05M","-6.96%"
"01/27/2021","17,250.0","17,800.0","18,650.0","17,000.0","32.16M","-4.70%"
"01/26/2021","18,100.0","19,300.0","19,300.0","18,050.0","32.30M","-6.46%"
"01/25/2021","19,350.0","19,700.0","19,900.0","19,350.0","28.07M","-3.01%"
"01/22/2021","19,950.0","20,000.0","20,200.0","19,700.0","29.97M","-0.25%"
"01/21/2021","20,000.0","19,400.0","20,000.0","18,850.0","34.48M","5.26%"
"01/20/2021","19,000.0","19,400.0","19,600.0","17,950.0","34.43M","-1.04%"
"01/19/2021","19,200.0","20,350.0","20,450.0","19,200.0","45.05M","-6.80%"
"01/18/2021","20,600.0","21,700.0","21,700.0","20,250.0","59.66M","-2.37%"
"01/15/2021","21,100.0","20,500.0","21,500.0","20,500.0","51.69M","4.98%"
"01/14/2021","20,100.0","19,650.0","20,250.0","19,000.0","27.46M","3.08%"
"01/13/2021","19,500.0","19,800.0","20,050.0","19,400.0","26.65M","-1.52%"
"01/12/2021","19,800.0","19,900.0","20,050.0","19,500.0","27.24M","-1.49%"
"01/11/2021","20,100.0","20,000.0","20,400.0","19,800.0","33.49M","3.61%"
"01/08/2021","19,400.0","18,800.0","19,500.0","18,650.0","34.89M","5.15%"
"01/07/2021","18,450.0","18,050.0","18,450.0","17,850.0","39.68M","2.50%"
"01/06/2021","18,000.0","17,900.0","18,350.0","17,700.0","31.19M","1.69%"
"01/05/2021","17,700.0","17,550.0","17,950.0","17,450.0","23.40M","0.85%"
"01/04/2021","17,550.0","17,050.0","17,700.0","16,900.0","46.81M","3.85%"
"12/31/2020","16,900.0","17,000.0","17,000.0","16,750.0","14.97M","0.60%"
"12/30/2020","16,800.0","17,000.0","17,250.0","16,800.0","35.81M","0.60%"
"12/29/2020","16,700.0","16,750.0","16,900.0","16,600.0","13.08M","-0.30%"
"12/28/2020","16,750.0","17,050.0","17,100.0","16,550.0","23.67M","-1.18%"
"12/25/2020","16,950.0","16,500.0","16,950.0","16,250.0","20.82M","2.73%"
"12/24/2020","16,500.0","16,800.0","16,850.0","15,800.0","29.37M","-1.20%"
"12/23/2020","16,700.0","17,200.0","17,300.0","16,700.0","26.09M","-2.62%"
"12/22/2020","17,150.0","17,000.0","17,350.0","16,900.0","34.46M","0.88%"
"12/21/2020","17,000.0","17,200.0","17,300.0","16,900.0","25.78M","0.00%"
"12/18/2020","17,000.0","16,800.0","17,150.0","16,650.0","25.12M","2.41%"
"12/17/2020","16,600.0","16,500.0","16,950.0","16,400.0","23.52M","0.00%"
"12/16/2020","16,600.0","16,300.0","16,800.0","16,250.0","23.93M","4.08%"
"12/15/2020","15,950.0","15,850.0","16,050.0","15,800.0","17.65M","0.00%"
"12/14/2020","15,950.0","15,950.0","16,100.0","15,800.0","15.68M","0.95%"
"12/11/2020","15,800.0","15,700.0","15,900.0","15,500.0","15.44M","1.61%"
"12/10/2020","15,550.0","15,950.0","16,050.0","15,450.0","21.85M","-2.20%"
"12/09/2020","15,900.0","15,900.0","16,200.0","15,900.0","18.90M","0.32%"
"12/08/2020","15,850.0","15,650.0","15,900.0","15,500.0","19.85M","1.93%"
"12/07/2020","15,550.0","15,600.0","15,750.0","15,550.0","14.99M","-0.32%"
"12/04/2020","15,600.0","15,700.0","16,100.0","15,500.0","24.51M","-0.32%"
"12/03/2020","15,650.0","15,550.0","15,900.0","15,450.0","20.88M","1.62%"
"12/02/2020","15,400.0","15,450.0","15,800.0","15,150.0","21.12M","-0.32%"
"12/01/2020","15,450.0","14,450.0","15,500.0","14,400.0","37.84M","5.46%"
"11/30/2020","14,650.0","14,550.0","15,000.0","14,500.0","18.68M","1.03%"
"11/27/2020","14,500.0","14,600.0","14,600.0","14,350.0","11.46M","0.00%"
"11/26/2020","14,500.0","14,350.0","14,650.0","14,350.0","21.86M","1.05%"
"11/25/2020","14,350.0","14,550.0","14,600.0","14,350.0","12.06M","-1.03%"
"11/24/2020","14,500.0","14,600.0","14,650.0","14,200.0","16.81M","-0.68%"
"11/23/2020","14,600.0","14,250.0","14,700.0","14,050.0","27.27M","3.18%"
"11/20/2020","14,150.0","14,250.0","14,250.0","14,050.0","9.54M","-0.35%"
"11/19/2020","14,200.0","14,200.0","14,400.0","14,050.0","12.62M","0.00%"
"11/18/2020","14,200.0","13,850.0","14,400.0","13,800.0","22.97M","2.53%"
"11/17/2020","13,850.0","13,700.0","13,900.0","13,600.0","9.08M","1.47%"
"11/16/2020","13,650.0","14,050.0","14,100.0","13,650.0","12.29M","-1.80%"
"11/13/2020","13,900.0","13,700.0","13,950.0","13,700.0","15.08M","1.46%"
"11/12/2020","13,700.0","13,600.0","13,750.0","13,600.0","6.76M","0.74%"
"11/11/2020","13,600.0","13,700.0","13,700.0","13,450.0","7.95M","0.00%"
"11/10/2020","13,600.0","13,950.0","14,000.0","13,600.0","9.47M","-0.73%"
"11/09/2020","13,700.0","13,500.0","13,700.0","13,400.0","7.87M","2.62%"
"11/06/2020","13,350.0","13,500.0","13,500.0","13,250.0","6.21M","0.00%"
"11/05/2020","13,350.0","13,650.0","13,700.0","13,350.0","8.30M","-2.20%"
"11/04/2020","13,650.0","13,700.0","13,900.0","13,500.0","9.73M","0.37%"
"11/03/2020","13,600.0","13,500.0","13,700.0","13,450.0","12.02M","1.12%"
"11/02/2020","13,450.0","13,400.0","13,450.0","13,250.0","5.46M","1.13%"
"10/30/2020","13,300.0","13,500.0","13,550.0","13,050.0","8.18M","-1.48%"
"10/29/2020","13,500.0","13,000.0","13,500.0","13,000.0","13.05M","3.05%"
"10/28/2020","13,100.0","13,300.0","13,650.0","13,100.0","22.63M","-1.50%"
"10/27/2020","13,300.0","14,100.0","14,200.0","13,300.0","37.14M","-5.67%"
"10/26/2020","14,100.0","14,500.0","14,650.0","14,100.0","26.82M","-3.09%"
"10/23/2020","14,550.0","14,800.0","14,800.0","14,500.0","13.63M","-0.34%"
"10/22/2020","14,600.0","14,350.0","14,700.0","14,200.0","18.15M","1.39%"
"10/21/2020","14,400.0","14,350.0","14,750.0","14,300.0","25.83M","1.41%"
"10/20/2020","14,200.0","14,000.0","14,350.0","13,950.0","17.70M","0.71%"
"10/19/2020","14,100.0","13,800.0","14,300.0","13,750.0","20.55M","2.55%"
"10/16/2020","13,750.0","13,850.0","13,950.0","13,700.0","13.05M","-0.72%"
"10/15/2020","13,850.0","13,600.0","14,000.0","13,450.0","20.80M","2.59%"
"10/14/2020","13,500.0","13,500.0","13,750.0","13,350.0","12.36M","0.37%"
"10/13/2020","13,450.0","13,300.0","13,600.0","13,200.0","12.67M","1.13%"
"10/12/2020","13,300.0","13,700.0","13,800.0","13,300.0","17.96M","-1.85%"
"10/09/2020","13,550.0","13,600.0","13,800.0","13,450.0","12.47M","0.00%"
"10/08/2020","13,550.0","13,800.0","13,850.0","13,450.0","21.33M","-1.09%"
"10/07/2020","13,700.0","14,050.0","14,300.0","13,700.0","19.47M","-3.52%"
"10/06/2020","14,200.0","13,750.0","14,400.0","13,700.0","27.11M","3.65%"
"10/05/2020","13,700.0","13,650.0","13,800.0","13,400.0","22.60M","1.86%"
"10/02/2020","13,450.0","13,750.0","13,900.0","13,150.0","23.21M","-2.18%"
"10/01/2020","13,750.0","14,000.0","14,200.0","13,650.0","13.29M","-0.36%"
"09/30/2020","13,800.0","13,300.0","13,900.0","12,950.0","28.31M","3.76%"
"09/29/2020","13,300.0","13,800.0","13,950.0","13,300.0","22.79M","-3.62%"
"09/28/2020","13,800.0","13,700.0","14,050.0","13,600.0","28.88M","3.76%"
"09/25/2020","13,300.0","12,450.0","13,300.0","12,400.0","39.32M","6.83%"
"09/24/2020","12,450.0","12,600.0","12,700.0","12,400.0","17.73M","-1.58%"
"09/23/2020","12,650.0","12,700.0","13,250.0","12,500.0","24.79M","0.80%"
"09/22/2020","12,550.0","11,750.0","12,550.0","11,650.0","45.71M","6.81%"
"09/21/2020","11,750.0","11,800.0","12,050.0","11,750.0","17.85M","0.86%"
"09/18/2020","11,650.0","11,450.0","11,650.0","11,450.0","8.72M","1.75%"
"09/17/2020","11,450.0","11,550.0","11,700.0","11,450.0","11.36M","-0.87%"
"09/16/2020","11,550.0","11,650.0","11,700.0","11,550.0","10.18M","-0.43%"
"09/15/2020","11,600.0","11,350.0","11,800.0","11,250.0","24.12M","2.65%"
"09/14/2020","11,300.0","11,200.0","11,350.0","11,200.0","6.80M","1.35%"
"09/11/2020","11,150.0","11,150.0","11,250.0","11,100.0","5.39M","-0.45%"
"09/10/2020","11,200.0","11,350.0","11,400.0","11,200.0","5.25M","-0.88%"
"09/09/2020","11,300.0","11,150.0","11,300.0","11,050.0","8.88M","0.44%"
"09/08/2020","11,250.0","11,250.0","11,250.0","11,100.0","6.01M","0.45%"
"09/07/2020","11,200.0","11,400.0","11,400.0","11,200.0","6.94M","-0.88%"
"09/04/2020","11,300.0","11,250.0","11,350.0","11,200.0","9.88M","-0.88%"
"09/03/2020","11,400.0","11,400.0","11,450.0","11,300.0","11.14M","0.88%"
"09/01/2020","11,300.0","11,200.0","11,350.0","11,150.0","4.57M","0.89%"
"08/31/2020","11,200.0","11,500.0","11,550.0","11,200.0","8.67M","-1.32%"
"08/28/2020","11,350.0","11,400.0","11,450.0","11,300.0","10.09M","0.44%"
"08/27/2020","11,300.0","11,250.0","11,350.0","11,150.0","6.80M","0.89%"
"08/26/2020","11,200.0","11,250.0","11,300.0","11,100.0","9.99M","-0.44%"
"08/25/2020","11,250.0","11,300.0","11,400.0","11,200.0","9.62M","-0.44%"
"08/24/2020","11,300.0","11,100.0","11,400.0","11,100.0","14.30M","2.26%"
"08/21/2020","11,050.0","10,700.0","11,050.0","10,650.0","12.93M","3.76%"
"08/20/2020","10,650.0","10,750.0","10,850.0","10,650.0","6.06M","-1.39%"
"08/19/2020","10,800.0","10,800.0","10,800.0","10,700.0","4.21M","0.47%"
"08/18/2020","10,750.0","10,650.0","10,800.0","10,600.0","5.21M","0.94%"
"08/17/2020","10,650.0","10,700.0","10,750.0","10,550.0","5.19M","-0.47%"
"08/14/2020","10,700.0","10,850.0","10,850.0","10,650.0","8.81M","-1.38%"
"08/13/2020","10,850.0","10,750.0","10,900.0","10,750.0","6.50M","0.93%"
"08/12/2020","10,750.0","10,650.0","10,800.0","10,600.0","8.77M","0.94%"
"08/11/2020","10,650.0","10,700.0","10,750.0","10,500.0","7.72M","0.47%"
"08/10/2020","10,600.0","10,550.0","10,800.0","10,550.0","11.95M","1.44%"
"08/07/2020","10,450.0","10,550.0","10,550.0","10,400.0","7.12M","-0.48%"
"08/06/2020","10,500.0","10,600.0","10,700.0","10,500.0","5.68M","-1.41%"
"08/05/2020","10,650.0","10,500.0","10,700.0","10,400.0","8.29M","1.43%"
"08/04/2020","10,500.0","10,500.0","10,500.0","10,350.0","6.79M","1.45%"
"08/03/2020","10,350.0","10,150.0","10,450.0","10,050.0","9.79M","2.48%"
"07/31/2020","10,100.0","9,900.0","10,250.0","9,900.0","5.74M","-0.98%"
"07/30/2020","10,200.0","10,200.0","10,350.0","10,150.0","6.31M","0.49%"
"07/29/2020","10,150.0","10,250.0","10,350.0","9,950.0","14.83M","-3.79%"
"07/28/2020","10,550.0","10,200.0","10,600.0","10,100.0","13.93M","3.94%"
"07/27/2020","10,150.0","10,400.0","10,650.0","10,150.0","26.01M","-6.88%"
"07/24/2020","10,900.0","11,150.0","11,250.0","10,600.0","20.16M","-3.11%"
"07/23/2020","11,250.0","11,350.0","11,400.0","11,100.0","8.26M","-0.44%"
"07/22/2020","11,300.0","11,550.0","11,600.0","11,250.0","8.50M","-1.74%"
"07/21/2020","11,500.0","11,450.0","11,600.0","11,400.0","7.05M","0.44%"
"07/20/2020","11,450.0","11,650.0","11,700.0","11,450.0","8.09M","-1.29%"
"07/17/2020","11,600.0","11,600.0","11,750.0","11,500.0","9.20M","0.00%"
"07/16/2020","11,600.0","11,550.0","11,600.0","11,450.0","5.10M","0.43%"
"07/15/2020","11,550.0","11,650.0","11,700.0","11,550.0","5.54M","0.00%"
"07/14/2020","11,550.0","11,400.0","11,650.0","11,350.0","6.75M","0.87%"
"07/13/2020","11,450.0","11,650.0","11,700.0","11,450.0","6.10M","-0.87%"
"07/10/2020","11,550.0","11,700.0","11,800.0","11,500.0","8.38M","-2.12%"
"07/09/2020","11,800.0","11,700.0","11,850.0","11,500.0","14.05M","2.61%"
"07/08/2020","11,500.0","11,400.0","11,700.0","11,350.0","9.19M","0.44%"
"07/07/2020","11,450.0","11,600.0","11,700.0","11,400.0","8.91M","-0.87%"
"07/06/2020","11,550.0","11,050.0","11,600.0","11,050.0","16.29M","5.00%"
"07/03/2020","11,000.0","11,150.0","11,200.0","11,000.0","3.89M","-0.45%"
"07/02/2020","11,050.0","11,200.0","11,300.0","11,000.0","4.90M","-1.34%"
"07/01/2020","11,200.0","10,800.0","11,350.0","10,750.0","9.14M","4.19%"
"06/30/2020","10,750.0","11,100.0","11,200.0","10,600.0","10.86M","-1.83%"
"06/29/2020","10,950.0","11,300.0","11,300.0","10,900.0","13.16M","-3.10%"
"06/26/2020","11,300.0","11,600.0","11,650.0","11,200.0","6.48M","-1.31%"
"06/25/2020","11,450.0","11,150.0","11,500.0","10,950.0","10.66M","2.23%"
"06/24/2020","11,200.0","11,600.0","11,650.0","11,200.0","11.84M","-3.03%"
"06/23/2020","11,550.0","11,650.0","11,800.0","11,400.0","12.61M","-1.28%"
"06/22/2020","11,700.0","12,000.0","12,000.0","11,650.0","10.79M","-1.68%"
"06/19/2020","11,900.0","11,550.0","11,950.0","11,400.0","15.35M","4.39%"
"06/18/2020","11,400.0","11,400.0","11,750.0","11,350.0","13.24M","-1.72%"
"06/17/2020","11,600.0","11,850.0","11,950.0","11,550.0","15.66M","-2.52%"
"06/16/2020","11,900.0","12,500.0","12,500.0","11,900.0","18.76M","-1.24%"
"06/15/2020","12,050.0","12,100.0","12,600.0","11,750.0","31.27M","2.12%"
"06/12/2020","11,800.0","11,200.0","11,800.0","11,000.0","31.67M","6.79%"
"06/11/2020","11,050.0","12,150.0","12,300.0","11,050.0","38.09M","-3.91%"
"06/10/2020","11,500.0","10,750.0","11,500.0","10,600.0","30.78M","6.98%"
"06/09/2020","10,750.0","10,750.0","10,900.0","10,650.0","14.17M","0.47%"
"06/08/2020","10,700.0","10,700.0","10,850.0","10,650.0","17.09M","1.42%"
"06/05/2020","10,550.0","10,700.0","10,750.0","10,450.0","16.80M","-0.47%"
"06/04/2020","10,600.0","10,750.0","10,900.0","10,600.0","13.97M","-0.47%"
"06/03/2020","10,650.0","10,600.0","10,700.0","10,500.0","8.71M","1.43%"
"06/02/2020","10,500.0","10,850.0","10,900.0","10,500.0","13.90M","-2.33%"
"06/01/2020","10,750.0","10,400.0","10,750.0","10,350.0","18.02M","4.37%"
"05/29/2020","10,300.0","10,200.0","10,450.0","10,200.0","6.86M","0.00%"
"05/28/2020","10,300.0","10,100.0","10,600.0","10,050.0","16.77M","1.98%"
"05/27/2020","10,100.0","10,450.0","10,550.0","10,000.0","15.37M","-2.88%"
"05/26/2020","10,400.0","10,300.0","10,450.0","10,300.0","9.40M","1.46%"
"05/25/2020","10,250.0","10,250.0","10,400.0","10,100.0","9.45M","0.49%"
"05/22/2020","10,200.0","10,300.0","10,600.0","10,200.0","14.87M","-2.86%"
"05/21/2020","10,500.0","10,500.0","10,550.0","10,250.0","10.20M","0.96%"
"05/20/2020","10,400.0","9,900.0","10,550.0","9,860.0","24.36M","5.05%"
"05/19/2020","9,900.0","9,920.0","10,150.0","9,860.0","15.44M","1.75%"
"05/18/2020","9,730.0","9,780.0","9,850.0","9,680.0","9.97M","-0.71%"
"05/15/2020","9,800.0","10,200.0","10,200.0","9,800.0","9.21M","-2.49%"
"05/14/2020","10,050.0","9,880.0","10,300.0","9,790.0","12.58M","0.90%"
"05/13/2020","9,960.0","9,700.0","10,150.0","9,550.0","19.00M","2.68%"
"05/12/2020","9,700.0","9,690.0","9,750.0","9,460.0","11.31M","0.10%"
"05/11/2020","9,690.0","9,670.0","9,750.0","9,540.0","10.60M","1.79%"
"05/08/2020","9,520.0","9,400.0","9,770.0","9,400.0","15.59M","1.93%"
"05/07/2020","9,340.0","9,180.0","9,380.0","9,170.0","12.18M","2.19%"
"05/06/2020","9,140.0","9,000.0","9,140.0","8,930.0","8.42M","1.90%"
"05/05/2020","8,970.0","8,980.0","9,090.0","8,930.0","4.80M","-0.11%"
"05/04/2020","8,980.0","9,100.0","9,100.0","8,980.0","4.40M","-1.32%"
"04/29/2020","9,100.0","9,000.0","9,250.0","9,000.0","3.84M","1.34%"
"04/28/2020","8,980.0","9,080.0","9,120.0","8,940.0","7.08M","-0.11%"
"04/27/2020","8,990.0","9,180.0","9,230.0","8,990.0","8.06M","-1.21%"
"04/24/2020","9,100.0","9,150.0","9,200.0","9,040.0","4.79M","-0.55%"
"04/23/2020","9,150.0","9,350.0","9,380.0","9,150.0","5.41M","-0.22%"
"04/22/2020","9,170.0","8,730.0","9,290.0","8,730.0","8.17M","2.00%"
"04/21/2020","8,990.0","9,350.0","9,450.0","8,970.0","16.19M","-5.86%"
"04/20/2020","9,550.0","9,700.0","9,850.0","9,540.0","11.28M","-1.85%"
"04/17/2020","9,730.0","9,900.0","9,940.0","9,720.0","8.38M","0.10%"
"04/16/2020","9,720.0","9,500.0","9,950.0","9,500.0","7.63M","0.21%"
"04/15/2020","9,700.0","9,200.0","9,800.0","9,180.0","14.86M","5.90%"
"04/14/2020","9,160.0","9,100.0","9,160.0","8,940.0","8.53M","1.33%"
"04/13/2020","9,040.0","9,010.0","9,240.0","9,010.0","7.68M","0.33%"
"04/10/2020","9,010.0","9,150.0","9,230.0","8,950.0","10.71M","-1.96%"
"04/09/2020","9,190.0","9,400.0","9,490.0","9,180.0","9.82M","-0.97%"
"04/08/2020","9,280.0","9,000.0","9,290.0","8,800.0","8.76M","1.09%"
"04/07/2020","9,180.0","9,400.0","9,400.0","9,010.0","17.28M","2.80%"
"04/06/2020","8,930.0","8,900.0","8,930.0","8,610.0","12.90M","6.95%"
"04/03/2020","8,350.0","7,990.0","8,350.0","7,900.0","10.67M","6.91%"
"04/01/2020","7,810.0","7,200.0","7,810.0","7,200.0","8.81M","6.99%"
"03/31/2020","7,300.0","7,860.0","7,860.0","7,120.0","12.19M","-4.45%"
"03/30/2020","7,640.0","7,700.0","7,990.0","7,640.0","16.13M","-6.94%"
"03/27/2020","8,210.0","8,750.0","8,750.0","8,210.0","11.65M","-5.63%"
"03/26/2020","8,700.0","9,110.0","9,110.0","8,700.0","7.22M","-4.50%"
"03/25/2020","9,110.0","9,150.0","9,260.0","8,900.0","9.89M","3.52%"
"03/24/2020","8,800.0","9,120.0","9,170.0","8,800.0","7.82M","-3.51%"
"03/23/2020","9,120.0","9,300.0","9,500.0","9,120.0","10.63M","-6.94%"
"03/20/2020","9,800.0","9,810.0","9,920.0","9,740.0","4.89M","0.51%"
"03/19/2020","9,750.0","9,900.0","9,960.0","9,600.0","7.52M","-2.50%"
"03/18/2020","10,000.0","10,400.0","10,400.0","10,000.0","8.31M","-1.96%"
"03/17/2020","10,200.0","9,900.0","10,200.0","9,560.0","8.61M","2.10%"
"03/16/2020","9,990.0","10,400.0","10,500.0","9,800.0","9.16M","-3.94%"
"03/13/2020","10,400.0","9,300.0","10,550.0","9,280.0","16.34M","4.52%"
"03/12/2020","9,950.0","10,000.0","10,250.0","9,930.0","21.36M","-6.57%"
"03/11/2020","10,650.0","11,450.0","11,500.0","10,650.0","18.79M","-6.58%"
"03/10/2020","11,400.0","11,000.0","11,500.0","10,850.0","15.32M","0.00%"
"03/09/2020","11,400.0","11,500.0","11,700.0","11,400.0","17.02M","-6.94%"
"03/06/2020","12,250.0","12,100.0","12,400.0","12,100.0","12.06M","0.41%"
"03/05/2020","12,200.0","12,650.0","12,700.0","12,200.0","17.52M","-2.40%"
"03/04/2020","12,500.0","12,200.0","12,600.0","12,100.0","12.16M","2.04%"
"03/03/2020","12,250.0","12,600.0","12,700.0","12,150.0","15.55M","-0.81%"
"03/02/2020","12,350.0","11,800.0","12,400.0","11,750.0","27.55M","6.47%"
"02/28/2020","11,600.0","11,350.0","11,750.0","11,350.0","11.94M","-0.43%"
"02/27/2020","11,650.0","11,300.0","11,700.0","11,150.0","13.07M","4.02%"
"02/26/2020","11,200.0","11,000.0","11,400.0","10,950.0","8.38M","0.45%"
"02/25/2020","11,150.0","10,700.0","11,150.0","10,700.0","5.67M","2.76%"
"02/24/2020","10,850.0","11,000.0","11,100.0","10,750.0","11.77M","-3.98%"
"02/21/2020","11,300.0","11,250.0","11,500.0","11,200.0","7.65M","0.00%"
"02/20/2020","11,300.0","11,500.0","11,550.0","11,200.0","7.14M","-0.88%"
"02/19/2020","11,400.0","11,400.0","11,550.0","11,300.0","6.82M","-1.30%"
"02/18/2020","11,550.0","11,650.0","11,750.0","11,350.0","8.50M","-0.86%"
"02/17/2020","11,650.0","11,650.0","11,850.0","11,500.0","8.91M","0.43%"
"02/14/2020","11,600.0","11,550.0","11,900.0","11,450.0","17.83M","0.87%"
"02/13/2020","11,500.0","11,500.0","11,600.0","11,300.0","7.81M","-0.43%"
"02/12/2020","11,550.0","11,400.0","11,800.0","11,400.0","14.68M","1.76%"
"02/11/2020","11,350.0","10,950.0","11,450.0","10,900.0","14.65M","3.65%"
"02/10/2020","10,950.0","10,900.0","11,100.0","10,800.0","5.34M","-1.79%"
"02/07/2020","11,150.0","11,000.0","11,450.0","10,950.0","14.96M","1.83%"
"02/06/2020","10,950.0","10,300.0","10,950.0","10,300.0","22.70M","6.83%"
"02/05/2020","10,250.0","10,350.0","10,450.0","10,250.0","3.97M","0.49%"
"02/04/2020","10,200.0","10,250.0","10,400.0","10,100.0","5.43M","-0.49%"
"02/03/2020","10,250.0","10,000.0","10,400.0","9,820.0","7.11M","0.49%"
"01/31/2020","10,200.0","10,300.0","10,500.0","10,200.0","6.26M","-1.45%"
"01/30/2020","10,350.0","10,800.0","10,800.0","10,200.0","8.26M","-5.05%"
"01/22/2020","10,900.0","10,900.0","10,950.0","10,750.0","7.03M","0.00%"
"01/21/2020","10,900.0","10,700.0","11,050.0","10,700.0","7.60M","1.87%"
"01/20/2020","10,700.0","10,500.0","10,750.0","10,500.0","4.14M","0.94%"
"01/17/2020","10,600.0","10,450.0","10,700.0","10,400.0","6.09M","1.92%"
"01/16/2020","10,400.0","10,300.0","10,550.0","10,300.0","9.56M","1.46%"
"01/15/2020","10,250.0","10,300.0","10,350.0","10,200.0","2.48M","-0.49%"
"01/14/2020","10,300.0","10,400.0","10,450.0","10,300.0","1.81M","-0.96%"
"01/13/2020","10,400.0","10,500.0","10,550.0","10,300.0","3.39M","-0.95%"
"01/10/2020","10,500.0","10,150.0","10,500.0","10,150.0","10.75M","3.45%"
"01/09/2020","10,150.0","10,100.0","10,200.0","10,050.0","2.44M","1.70%"
"01/08/2020","9,980.0","10,050.0","10,100.0","9,970.0","4.49M","-1.67%"
"01/07/2020","10,150.0","10,050.0","10,150.0","10,000.0","2.15M","1.00%"
"01/06/2020","10,050.0","10,100.0","10,150.0","10,000.0","2.30M","-1.47%"
"01/03/2020","10,200.0","10,250.0","10,300.0","10,150.0","1.98M","0.00%"
"01/02/2020","10,200.0","10,100.0","10,300.0","10,000.0","2.91M","1.49%"
"12/31/2019","10,050.0","10,100.0","10,200.0","10,050.0","1.83M","-0.50%"
"12/30/2019","10,100.0","10,100.0","10,250.0","10,100.0","1.96M","-0.49%"
"12/27/2019","10,150.0","10,100.0","10,200.0","10,000.0","2.01M","0.50%"
"12/26/2019","10,100.0","10,100.0","10,150.0","10,000.0","2.34M","0.00%"
"12/25/2019","10,100.0","10,200.0","10,250.0","10,100.0","1.26M","0.00%"
"12/24/2019","10,100.0","10,200.0","10,250.0","10,100.0","1.56M","-0.98%"
"12/23/2019","10,200.0","10,100.0","10,300.0","10,100.0","3.41M","2.00%"
"12/20/2019","10,000.0","9,980.0","10,050.0","9,950.0","1.54M","0.70%"
"12/19/2019","9,930.0","10,050.0","10,050.0","9,900.0","2.70M","-0.10%"
"12/18/2019","9,940.0","10,000.0","10,050.0","9,900.0","2.11M","-1.09%"
"12/17/2019","10,050.0","10,100.0","10,100.0","9,990.0","2.12M","0.00%"
"12/16/2019","10,050.0","10,050.0","10,100.0","10,000.0","1.60M","0.00%"
"12/13/2019","10,050.0","10,150.0","10,200.0","10,050.0","1.36M","-0.50%"
"12/12/2019","10,100.0","10,050.0","10,100.0","10,000.0","1.65M","0.50%"
"12/11/2019","10,050.0","10,050.0","10,100.0","9,950.0","1.05M","0.00%"
"12/10/2019","10,050.0","9,900.0","10,050.0","9,900.0","2.04M","1.01%"
"12/09/2019","9,950.0","10,000.0","10,050.0","9,920.0","1.89M","-0.50%"
"12/06/2019","10,000.0","10,000.0","10,100.0","9,990.0","1.58M","-0.50%"
"12/05/2019","10,050.0","10,100.0","10,150.0","9,990.0","958.22K","-0.50%"
"12/04/2019","10,100.0","9,800.0","10,100.0","9,800.0","2.85M","3.59%"
"12/03/2019","9,750.0","10,000.0","10,050.0","9,750.0","3.60M","-2.50%"
"12/02/2019","10,000.0","10,100.0","10,150.0","10,000.0","3.13M","-0.99%"
"11/29/2019","10,100.0","10,150.0","10,200.0","10,050.0","2.16M","0.00%"
"11/28/2019","10,100.0","10,100.0","10,200.0","10,050.0","2.40M","0.00%"
"11/27/2019","10,100.0","10,200.0","10,250.0","10,100.0","2.20M","-0.49%"
"11/26/2019","10,150.0","10,200.0","10,250.0","10,100.0","3.96M","0.00%"
"11/25/2019","10,150.0","10,300.0","10,300.0","10,100.0","2.01M","-0.98%"
"11/22/2019","10,250.0","10,300.0","10,400.0","10,100.0","3.60M","0.49%"
"11/21/2019","10,200.0","10,350.0","10,450.0","10,200.0","4.30M","-1.92%"
"11/20/2019","10,400.0","10,600.0","10,600.0","10,350.0","4.83M","-1.89%"
"11/19/2019","10,600.0","10,550.0","10,650.0","10,550.0","2.33M","0.00%"
"11/18/2019","10,600.0","10,750.0","10,800.0","10,600.0","2.21M","-0.93%"
"11/15/2019","10,700.0","10,800.0","10,800.0","10,650.0","1.61M","0.00%"
"11/14/2019","10,700.0","10,800.0","10,850.0","10,650.0","2.04M","-0.93%"
"11/13/2019","10,800.0","10,800.0","10,900.0","10,750.0","2.25M","0.47%"
"11/12/2019","10,750.0","10,850.0","10,850.0","10,750.0","1.45M","-0.46%"
"11/11/2019","10,800.0","10,850.0","10,900.0","10,750.0","3.09M","-0.46%"
"11/08/2019","10,850.0","10,900.0","11,000.0","10,850.0","2.86M","-0.46%"
"11/07/2019","10,900.0","11,000.0","11,000.0","10,850.0","3.85M","-0.91%"
"11/06/2019","11,000.0","10,950.0","11,050.0","10,900.0","4.06M","0.46%"
"11/05/2019","10,950.0","10,950.0","10,950.0","10,850.0","4.41M","0.46%"
"11/04/2019","10,900.0","10,900.0","11,100.0","10,850.0","6.50M","0.00%"
"11/01/2019","10,900.0","10,800.0","10,950.0","10,700.0","3.15M","0.93%"
"10/31/2019","10,800.0","10,800.0","10,850.0","10,650.0","3.13M","0.93%"
"10/30/2019","10,700.0","10,700.0","10,800.0","10,650.0","2.78M","0.47%"
"10/29/2019","10,650.0","10,800.0","10,900.0","10,650.0","4.55M","-1.84%"
"10/28/2019","10,850.0","11,000.0","11,000.0","10,750.0","5.44M","-0.46%"
"10/25/2019","10,900.0","10,950.0","11,000.0","10,850.0","1.94M","-0.46%"
"10/24/2019","10,950.0","11,000.0","11,050.0","10,900.0","2.08M","-0.45%"
"10/23/2019","11,000.0","11,000.0","11,100.0","10,950.0","1.86M","0.00%"
"10/22/2019","11,000.0","10,900.0","11,100.0","10,900.0","3.81M","0.46%"
"10/21/2019","10,950.0","10,850.0","10,950.0","10,700.0","2.98M","1.39%"
"10/18/2019","10,800.0","10,950.0","11,050.0","10,800.0","3.24M","-0.92%"
"10/17/2019","10,900.0","11,050.0","11,050.0","10,900.0","3.90M","-1.36%"
"10/16/2019","11,050.0","11,100.0","11,200.0","11,000.0","2.39M","0.00%"
"10/15/2019","11,050.0","11,100.0","11,200.0","11,000.0","2.78M","-0.45%"
"10/14/2019","11,100.0","11,100.0","11,300.0","11,100.0","6.86M","0.91%"
"10/11/2019","11,000.0","10,800.0","11,250.0","10,800.0","8.08M","1.85%"
"10/10/2019","10,800.0","10,900.0","10,950.0","10,800.0","3.37M","-0.92%"
"10/09/2019","10,900.0","11,000.0","11,100.0","10,850.0","5.65M","-0.91%"
"10/08/2019","11,000.0","10,600.0","11,000.0","10,550.0","11.68M","4.76%"
"10/07/2019","10,500.0","10,450.0","10,600.0","10,400.0","2.97M","0.96%"
"10/04/2019","10,400.0","10,500.0","10,600.0","10,400.0","1.58M","-0.95%"
"10/03/2019","10,500.0","10,350.0","10,500.0","10,300.0","2.36M","0.96%"
"10/02/2019","10,400.0","10,500.0","10,600.0","10,400.0","3.18M","-0.95%"
"10/01/2019","10,500.0","10,550.0","10,600.0","10,450.0","3.59M","-0.47%"
"09/30/2019","10,550.0","10,700.0","10,750.0","10,550.0","3.90M","-0.94%"
"09/27/2019","10,650.0","10,700.0","10,750.0","10,600.0","4.21M","-0.47%"
"09/26/2019","10,700.0","10,600.0","10,700.0","10,550.0","3.31M","0.94%"
"09/25/2019","10,600.0","10,450.0","10,650.0","10,450.0","2.61M","0.95%"
"09/24/2019","10,500.0","10,550.0","10,650.0","10,500.0","2.86M","-0.47%"
"09/23/2019","10,550.0","10,350.0","10,750.0","10,350.0","10.25M","1.93%"
"09/20/2019","10,350.0","10,600.0","10,600.0","10,350.0","3.59M","-1.90%"
"09/19/2019","10,550.0","10,200.0","10,550.0","10,150.0","8.11M","3.43%"
"09/18/2019","10,200.0","10,200.0","10,300.0","10,150.0","3.45M","0.00%"
"09/17/2019","10,200.0","10,250.0","10,350.0","10,150.0","3.52M","-1.45%"
"09/16/2019","10,350.0","10,350.0","10,400.0","10,250.0","2.48M","0.00%"
"09/13/2019","10,350.0","10,150.0","10,350.0","10,100.0","4.21M","1.97%"
"09/12/2019","10,150.0","10,100.0","10,150.0","10,050.0","2.18M","1.00%"
"09/11/2019","10,050.0","10,000.0","10,100.0","10,000.0","1.46M","0.00%"
"09/10/2019","10,050.0","10,150.0","10,150.0","10,000.0","5.13M","-0.50%"
"09/09/2019","10,100.0","10,250.0","10,250.0","10,100.0","1.40M","-0.49%"
"09/06/2019","10,150.0","10,200.0","10,200.0","10,100.0","1.28M","0.00%"
"09/05/2019","10,150.0","10,150.0","10,300.0","10,100.0","2.86M","0.00%"
"09/04/2019","10,150.0","10,200.0","10,250.0","10,050.0","2.86M","-0.49%"
"09/03/2019","10,200.0","10,400.0","10,400.0","10,200.0","3.24M","-1.92%"
"08/30/2019","10,400.0","10,350.0","10,400.0","10,300.0","1.45M","0.48%"
"08/29/2019","10,350.0","10,400.0","10,450.0","10,300.0","1.73M","0.00%"
"08/28/2019","10,350.0","10,500.0","10,500.0","10,350.0","2.13M","-0.96%"
"08/27/2019","10,450.0","10,550.0","10,650.0","10,450.0","3.93M","-0.95%"
"08/26/2019","10,550.0","10,500.0","10,650.0","10,450.0","3.64M","-1.40%"
"08/23/2019","10,700.0","10,400.0","10,750.0","10,300.0","6.01M","3.88%"
"08/22/2019","10,300.0","10,250.0","10,400.0","10,250.0","2.73M","0.49%"
"08/21/2019","10,250.0","10,300.0","10,300.0","10,200.0","2.44M","-0.49%"
"08/20/2019","10,300.0","10,300.0","10,300.0","10,200.0","1.24M","0.49%"
"08/19/2019","10,250.0","10,350.0","10,400.0","10,200.0","1.30M","-0.49%"
"08/16/2019","10,300.0","10,300.0","10,450.0","10,150.0","1.93M","-0.48%"
"08/15/2019","10,350.0","10,050.0","10,350.0","10,000.0","3.23M","1.97%"
"08/14/2019","10,150.0","10,350.0","10,350.0","10,150.0","3.67M","-0.49%"
"08/13/2019","10,200.0","10,300.0","10,350.0","10,150.0","4.10M","-1.45%"
"08/12/2019","10,350.0","10,400.0","10,450.0","10,300.0","1.45M","0.00%"
"08/09/2019","10,350.0","10,450.0","10,500.0","10,350.0","2.44M","-0.96%"
"08/08/2019","10,450.0","10,400.0","10,450.0","10,350.0","1.51M","0.48%"
"08/07/2019","10,400.0","10,450.0","10,600.0","10,400.0","1.98M","-0.48%"
"08/06/2019","10,450.0","10,350.0","10,500.0","10,200.0","3.12M","0.00%"
"08/05/2019","10,450.0","10,550.0","10,600.0","10,400.0","2.08M","-1.42%"
"08/02/2019","10,600.0","10,400.0","10,800.0","10,350.0","3.08M","0.95%"
"08/01/2019","10,500.0","10,700.0","10,750.0","10,500.0","5.01M","-1.87%"
"07/31/2019","10,700.0","10,900.0","10,900.0","10,600.0","3.28M","-1.38%"
"07/30/2019","10,850.0","10,950.0","11,050.0","10,850.0","2.01M","-0.91%"
"07/29/2019","10,950.0","11,200.0","11,200.0","10,900.0","6.83M","-1.79%"
"07/26/2019","11,150.0","11,200.0","11,300.0","11,150.0","2.70M","-0.45%"
"07/25/2019","11,200.0","11,350.0","11,350.0","11,200.0","5.86M","-1.32%"
"07/24/2019","11,350.0","11,500.0","11,550.0","11,350.0","4.40M","-1.30%"
"07/23/2019","11,500.0","11,550.0","11,600.0","11,500.0","1.90M","0.00%"
"07/22/2019","11,500.0","11,650.0","11,750.0","11,500.0","2.83M","-1.71%"
"07/19/2019","11,700.0","11,550.0","11,750.0","11,550.0","4.76M","1.30%"
"07/18/2019","11,550.0","11,550.0","11,650.0","11,500.0","3.65M","0.00%"
"07/17/2019","11,550.0","11,450.0","11,650.0","11,400.0","7.84M","1.32%"
"07/16/2019","11,400.0","11,400.0","11,500.0","11,300.0","3.24M","0.44%"
"07/15/2019","11,350.0","11,500.0","11,500.0","11,300.0","3.39M","-0.44%"
"07/12/2019","11,400.0","11,500.0","11,550.0","11,400.0","2.60M","-0.87%"
"07/11/2019","11,500.0","11,550.0","11,550.0","11,400.0","2.60M","0.44%"
"07/10/2019","11,450.0","11,400.0","11,550.0","11,350.0","3.21M","0.88%"
"07/09/2019","11,350.0","11,400.0","11,450.0","11,300.0","1.63M","-0.44%"
"07/08/2019","11,400.0","11,450.0","11,500.0","11,300.0","2.47M","0.00%"
"07/05/2019","11,400.0","11,450.0","11,500.0","11,400.0","2.28M","-0.44%"
"07/04/2019","11,450.0","11,400.0","11,550.0","11,350.0","2.41M","0.88%"
"07/03/2019","11,350.0","11,500.0","11,500.0","11,350.0","2.34M","-0.87%"
"07/02/2019","11,450.0","11,550.0","11,550.0","11,400.0","2.53M","-0.87%"
"07/01/2019","11,550.0","11,450.0","11,600.0","11,450.0","4.23M","1.76%"
"06/28/2019","11,350.0","11,350.0","11,400.0","11,250.0","3.06M","0.44%"
"06/27/2019","11,300.0","11,550.0","11,550.0","11,300.0","3.91M","-1.74%"
"06/26/2019","11,500.0","11,600.0","11,650.0","11,500.0","2.82M","-1.29%"
"06/25/2019","11,650.0","11,700.0","11,800.0","11,600.0","2.50M","-0.43%"
"06/24/2019","11,700.0","11,500.0","11,700.0","11,500.0","3.16M","2.18%"
"06/21/2019","11,450.0","11,600.0","11,600.0","11,400.0","15.02M","-0.43%"
"06/20/2019","11,500.0","11,300.0","11,550.0","11,300.0","2.74M","1.77%"
"06/19/2019","11,300.0","11,350.0","11,400.0","11,250.0","1.28M","0.89%"
"06/18/2019","11,200.0","11,450.0","11,500.0","11,200.0","3.53M","-2.18%"
"06/17/2019","11,450.0","11,650.0","11,700.0","11,450.0","2.87M","-1.72%"
"06/14/2019","11,650.0","11,650.0","11,750.0","11,600.0","1.14M","0.43%"
"06/13/2019","11,600.0","11,650.0","11,700.0","11,600.0","1.31M","-0.43%"
"06/12/2019","11,650.0","11,700.0","11,800.0","11,650.0","556.04K","-0.43%"
"06/11/2019","11,700.0","11,850.0","11,850.0","11,700.0","1.20M","-0.85%"
"06/10/2019","11,800.0","11,750.0","11,850.0","11,750.0","3.03M","0.43%"
"06/07/2019","11,750.0","11,600.0","11,750.0","11,600.0","1.43M","1.73%"
"06/06/2019","11,550.0","11,650.0","11,700.0","11,550.0","1.90M","-0.86%"
"06/05/2019","11,650.0","11,700.0","11,800.0","11,650.0","2.40M","0.43%"
"06/04/2019","11,600.0","11,650.0","11,700.0","11,550.0","2.44M","0.00%"
"06/03/2019","11,600.0","11,700.0","11,750.0","11,500.0","3.85M","-1.28%"
"05/31/2019","11,750.0","11,750.0","11,900.0","11,700.0","1.93M","-0.42%"
"05/30/2019","11,800.0","11,750.0","11,900.0","11,700.0","2.10M","0.43%"
"05/29/2019","11,750.0","11,850.0","11,850.0","11,750.0","1.77M","-0.42%"
"05/28/2019","11,800.0","11,850.0","11,950.0","11,750.0","2.31M","0.00%"
"05/27/2019","11,800.0","11,800.0","11,900.0","11,750.0","1.26M","0.00%"
"05/24/2019","11,800.0","11,900.0","11,950.0","11,750.0","6.04M","-1.67%"
"05/23/2019","12,000.0","12,050.0","12,150.0","11,950.0","1.87M","-0.41%"
"05/22/2019","12,050.0","12,150.0","12,200.0","12,000.0","4.45M","0.00%"
"05/21/2019","12,050.0","12,000.0","12,200.0","11,950.0","5.45M","0.84%"
"05/20/2019","11,950.0","12,000.0","12,050.0","11,900.0","2.87M","0.00%"
"05/17/2019","11,950.0","11,950.0","12,050.0","11,950.0","1.82M","-0.42%"
"05/16/2019","12,000.0","12,150.0","12,150.0","11,950.0","1.84M","-0.41%"
"05/15/2019","12,050.0","12,000.0","12,150.0","11,950.0","3.04M","1.26%"
"05/14/2019","11,900.0","11,850.0","11,950.0","11,800.0","2.99M","-0.42%"
"05/13/2019","11,950.0","11,950.0","12,050.0","11,850.0","1.96M","-0.42%"
"05/10/2019","12,000.0","12,000.0","12,050.0","11,900.0","1.97M","0.84%"
"05/09/2019","11,900.0","12,150.0","12,200.0","11,850.0","6.64M","-2.06%"
"05/08/2019","12,150.0","11,950.0","12,250.0","11,950.0","4.25M","0.41%"
"05/07/2019","12,100.0","12,150.0","12,200.0","12,050.0","3.87M","0.41%"
"05/06/2019","12,050.0","12,200.0","12,200.0","12,050.0","2.76M","-2.43%"
"05/03/2019","12,350.0","11,900.0","12,400.0","11,900.0","8.68M","3.78%"
"05/02/2019","11,900.0","12,100.0","12,100.0","11,850.0","2.10M","-0.42%"
"04/26/2019","11,950.0","11,850.0","12,000.0","11,850.0","1.50M","0.84%"
"04/25/2019","11,850.0","12,050.0","12,050.0","11,800.0","2.90M","-1.66%"
"04/24/2019","12,050.0","12,150.0","12,200.0","12,050.0","2.01M","0.00%"
"04/23/2019","12,050.0","11,600.0","12,200.0","11,550.0","4.44M","4.33%"
"04/22/2019","11,550.0","11,800.0","11,800.0","11,550.0","2.43M","-1.70%"
"04/19/2019","11,750.0","11,800.0","11,900.0","11,750.0","1.65M","0.00%"
"04/18/2019","11,750.0","12,000.0","12,000.0","11,750.0","2.44M","-1.26%"
"04/17/2019","11,900.0","12,150.0","12,200.0","11,900.0","1.71M","-1.24%"
"04/16/2019","12,050.0","12,000.0","12,150.0","11,850.0","3.05M","-0.41%"
"04/12/2019","12,100.0","12,050.0","12,150.0","12,050.0","1.54M","0.41%"
"04/11/2019","12,050.0","12,200.0","12,200.0","12,050.0","788.76K","-0.41%"
"04/10/2019","12,100.0","12,200.0","12,250.0","12,050.0","1.97M","-1.22%"
"04/09/2019","12,250.0","12,300.0","12,350.0","12,200.0","2.72M","0.00%"
"04/08/2019","12,250.0","12,250.0","12,300.0","12,150.0","1.88M","0.00%"
"04/05/2019","12,250.0","12,300.0","12,300.0","12,200.0","1.14M","-0.41%"
"04/04/2019","12,300.0","12,300.0","12,300.0","12,200.0","1.09M","0.41%"
"04/03/2019","12,250.0","12,200.0","12,300.0","12,150.0","1.43M","0.41%"
"04/02/2019","12,200.0","12,450.0","12,500.0","12,200.0","1.83M","-1.61%"
"04/01/2019","12,400.0","12,200.0","12,400.0","12,200.0","1.69M","1.64%"
"03/29/2019","12,200.0","12,200.0","12,350.0","12,150.0","3.43M","0.41%"
"03/28/2019","12,150.0","12,300.0","12,300.0","12,150.0","4.03M","-1.62%"
"03/27/2019","12,350.0","12,350.0","12,400.0","12,300.0","1.24M","0.41%"
"03/26/2019","12,300.0","12,300.0","12,450.0","12,300.0","1.68M","0.41%"
"03/25/2019","12,250.0","12,300.0","12,450.0","12,150.0","3.93M","-2.39%"
"03/22/2019","12,550.0","12,600.0","12,650.0","12,450.0","3.00M","0.40%"
"03/21/2019","12,500.0","12,850.0","12,900.0","12,500.0","4.74M","-2.34%"
"03/20/2019","12,800.0","12,650.0","12,850.0","12,650.0","4.22M","0.79%"
"03/19/2019","12,700.0","12,800.0","12,900.0","12,700.0","4.34M","-1.17%"
"03/18/2019","12,850.0","12,950.0","13,050.0","12,850.0","3.31M","-0.77%"
"03/15/2019","12,950.0","13,000.0","13,050.0","12,850.0","4.40M","-0.38%"
"03/14/2019","13,000.0","12,850.0","13,150.0","12,750.0","8.48M","1.56%"
"03/13/2019","12,800.0","12,750.0","12,950.0","12,750.0","6.15M","0.79%"
"03/12/2019","12,700.0","12,600.0","12,700.0","12,500.0","3.78M","1.20%"
"03/11/2019","12,550.0","12,600.0","12,650.0","12,450.0","2.11M","-0.40%"
"03/08/2019","12,600.0","12,700.0","12,750.0","12,550.0","2.90M","-1.56%"
"03/07/2019","12,800.0","12,650.0","12,900.0","12,650.0","3.50M","1.19%"
"03/06/2019","12,650.0","12,700.0","12,750.0","12,600.0","2.02M","-0.39%"
"03/05/2019","12,700.0","12,750.0","12,900.0","12,650.0","4.73M","-0.39%"
"03/04/2019","12,750.0","12,750.0","12,800.0","12,650.0","3.06M","0.79%"
"03/01/2019","12,650.0","12,500.0","12,650.0","12,450.0","2.60M","2.85%"