Date,Price,Open,High,Low,Vol.,Change %
5/31/2024,"21,750","22,000","22,000","21,750",3.13M,-1.14%
5/30/2024,"22,000","21,850","22,000","21,600",5.83M,0.46%
5/29/2024,"21,900","22,350","22,450","21,900",5.54M,-1.79%
5/28/2024,"22,300","22,300","22,300","22,000",4.02M,1.36%
5/27/2024,"22,000","22,050","22,150","21,850",3.45M,0.00%
5/24/2024,"22,000","22,000","22,700","21,800",14.93M,-1.12%
5/23/2024,"22,250","22,100","22,250","22,000",3.62M,0.23%
5/22/2024,"22,200","22,600","22,750","22,200",6.63M,-1.77%
5/21/2024,"22,600","22,650","22,650","22,200",7.29M,0.44%
5/20/2024,"22,500","22,600","22,650","22,400",7.44M,0.90%
5/17/2024,"22,300","22,300","22,400","22,200",4.33M,0.00%
5/16/2024,"22,300","22,200","22,350","22,100",9.18M,2.06%
5/15/2024,"21,850","22,050","22,050","21,750",3.36M,0.46%
5/14/2024,"21,750","21,600","22,200","21,400",6.94M,1.87%
5/13/2024,"21,350","21,550","21,650","21,300",3.64M,-0.93%
5/10/2024,"21,550","21,600","21,600","21,450",2.71M,-0.23%
5/9/2024,"21,600","21,600","21,750","21,400",3.08M,0.23%
5/8/2024,"21,550","21,500","21,650","21,350",4.43M,-0.69%
5/7/2024,"21,700","21,850","21,900","21,550",2.61M,0.00%
5/6/2024,"21,700","21,400","21,750","21,350",4.44M,2.36%
5/3/2024,"21,200","21,500","21,750","21,200",5.63M,-0.93%
5/2/2024,"21,400","21,050","21,450","21,000",3.17M,1.42%
4/26/2024,"21,100","20,900","21,300","20,900",2.91M,-0.24%
4/25/2024,"21,150","21,400","21,500","21,050",3.79M,-1.17%
4/24/2024,"21,400","21,100","21,600","21,100",4.44M,1.90%
4/23/2024,"21,000","21,200","21,550","20,800",6.48M,-0.94%
4/22/2024,"21,200","21,150","21,400","21,100",5.87M,0.47%
4/19/2024,"21,100","21,000","21,500","20,950",8.95M,-1.86%
4/17/2024,"21,500","22,300","22,350","21,500",7.52M,-1.83%
4/16/2024,"21,900","21,949","22,337","21,366",9.41M,0.22%
4/15/2024,"21,851","22,920","23,114","21,803",11.38M,-4.66%
4/12/2024,"22,920","22,434","22,920","22,191",9.06M,3.06%
4/11/2024,"22,240","22,143","22,240","21,949",4.59M,0.00%
4/10/2024,"22,240","22,580","22,580","22,240",6.59M,-0.65%
4/9/2024,"22,386","22,046","22,434","21,997",5.83M,1.54%
4/8/2024,"22,046","22,046","22,191","21,900",8.40M,0.00%
4/5/2024,"22,046","22,240","22,386","21,949",7.37M,-2.16%
4/4/2024,"22,531","22,871","23,017","22,531",7.72M,-1.49%
4/3/2024,"22,871","23,405","23,405","22,823",8.77M,-2.28%
4/2/2024,"23,405","23,357","23,600","22,871",11.61M,-0.82%
4/1/2024,"23,600","23,697","23,891","23,260",5.85M,-4.07%
3/29/2024,"24,600","24,250","25,000","24,000",6.18M,1.44%
3/28/2024,"24,250","24,500","24,750","23,950",8.01M,0.21%
3/27/2024,"24,200","24,350","24,350","23,950",5.55M,-0.62%
3/26/2024,"24,350","23,900","24,400","23,850",5.06M,1.67%
3/25/2024,"23,950","24,150","24,750","23,650",7.52M,-1.03%
3/22/2024,"24,200","24,300","24,650","23,800",9.23M,-0.41%
3/21/2024,"24,300","23,900","24,400","23,650",10.26M,2.97%
3/20/2024,"23,600","22,350","23,600","22,000",27.15M,6.79%
3/19/2024,"22,100","22,250","22,350","21,900",3.97M,-0.67%
3/18/2024,"22,250","22,750","22,750","21,750",6.28M,-1.11%
3/15/2024,"22,500","21,850","22,600","21,700",8.53M,3.69%
3/14/2024,"21,700","22,150","22,150","21,600",3.86M,-1.59%
3/13/2024,"22,050","21,500","22,100","21,250",4.03M,3.52%
3/12/2024,"21,300","21,400","21,400","21,200",3.52M,0.00%
3/11/2024,"21,300","21,550","21,650","21,300",3.39M,-1.16%
3/8/2024,"21,550","21,950","22,000","21,550",7.43M,-1.37%
3/7/2024,"21,850","21,950","21,950","21,750",5.71M,-0.23%
3/6/2024,"21,900","22,200","22,350","21,850",5.29M,-0.90%
3/5/2024,"22,100","22,000","22,100","21,800",3.31M,0.45%
3/4/2024,"22,000","22,000","22,150","21,600",7.38M,0.46%
3/1/2024,"21,900","21,850","21,900","21,550",4.83M,0.00%
2/29/2024,"21,900","22,400","22,400","21,800",6.36M,-0.90%
2/28/2024,"22,100","22,050","22,150","21,850",4.68M,0.68%
2/27/2024,"21,950","22,000","22,000","21,750",4.72M,0.00%
2/26/2024,"21,950","21,900","22,000","21,650",4.29M,-0.23%
2/23/2024,"22,000","22,500","22,750","21,900",148.08K,-2.22%
2/22/2024,"22,500","22,400","22,500","22,200",4.24M,0.90%
2/21/2024,"22,300","22,500","22,550","22,200",5.64M,0.45%
2/20/2024,"22,200","22,050","22,550","21,900",6.74M,0.91%
2/19/2024,"22,000","22,200","22,200","21,750",7.48M,-0.45%
2/16/2024,"22,100","22,300","22,300","21,850",5.23M,0.00%
2/15/2024,"22,100","22,000","22,350","21,900",14.54M,1.84%
2/7/2024,"21,700","21,600","21,700","21,400",11.24M,1.40%
2/6/2024,"21,400","21,500","21,900","21,300",7.38M,0.94%
2/5/2024,"21,200","20,350","21,300","20,300",10.21M,4.69%
2/2/2024,"20,250","20,600","20,650","20,250",7.52M,-1.94%
2/1/2024,"20,650","20,750","20,800","20,450",4.25M,-0.48%
1/31/2024,"20,750","21,000","21,050","20,550",5.76M,-0.72%
1/30/2024,"20,900","20,850","20,900","20,600",3.59M,0.48%
1/29/2024,"20,800","20,850","20,900","20,700",2.18M,0.00%
1/26/2024,"20,800","20,650","20,850","20,650",2.17M,0.97%
1/25/2024,"20,600","20,900","20,900","20,550",3.84M,-1.20%
1/24/2024,"20,850","20,950","21,050","20,800",2.28M,-0.48%
1/23/2024,"20,950","21,100","21,250","20,900",4.13M,-0.71%
1/22/2024,"21,100","21,150","21,300","20,900",4.19M,0.00%
1/19/2024,"21,100","21,000","21,150","20,900",3.58M,1.44%
1/18/2024,"20,800","20,800","20,849","20,606",3.62M,0.00%
1/17/2024,"20,800","20,897","21,043","20,800",4.95M,-0.47%
1/16/2024,"20,897","20,508","20,897","20,460",4.25M,1.42%
1/15/2024,"20,606","20,508","20,946","20,508",6.44M,0.71%
1/12/2024,"20,460","20,363","20,606","20,217",9.66M,-0.47%
1/11/2024,"20,557","20,460","20,703","20,363",6.95M,0.48%
1/10/2024,"20,460","20,314","20,557","20,217",4.78M,0.48%
1/9/2024,"20,363","20,411","20,411","20,217",3.89M,0.24%
1/8/2024,"20,314","20,314","20,411","20,120",6.16M,0.97%
1/5/2024,"20,120","19,828","20,120","19,828",4.44M,1.47%
1/4/2024,"19,828","19,634","20,314","19,488",10.16M,1.49%
1/3/2024,"19,537","19,245","19,537","19,148",4.47M,1.52%
1/2/2024,"19,245","19,099","19,342","19,099",4.38M,1.02%
12/29/2023,"19,051","19,148","19,342","19,051",8.96M,-0.25%
12/28/2023,"19,099","18,710","19,099","18,662",5.15M,2.34%
12/27/2023,"18,662","18,565","18,710","18,565",1.90M,0.26%
12/26/2023,"18,613","18,516","18,613","18,467",1.73M,0.52%
12/25/2023,"18,516","18,273","18,613","18,224",1.53M,-1.25%
12/22/2023,"18,750","18,800","18,900","18,600",1.88M,0.00%
12/21/2023,"18,750","18,650","18,800","18,600",1.39M,0.27%
12/20/2023,"18,700","18,800","18,800","18,600",1.71M,0.27%
12/19/2023,"18,650","18,400","18,650","18,400",2.10M,0.54%
12/18/2023,"18,550","18,800","18,850","18,500",3.75M,-1.33%
12/15/2023,"18,800","18,850","19,050","18,800",1.78M,-0.53%
12/14/2023,"18,900","19,200","19,200","18,900",3.05M,-0.79%
12/13/2023,"19,050","19,200","19,400","19,050",3.33M,-0.78%
12/12/2023,"19,200","19,300","19,300","19,050",2.26M,0.00%
12/11/2023,"19,200","19,400","19,400","19,100",2.21M,-0.78%
12/8/2023,"19,350","19,300","19,450","19,250",4.54M,0.26%
12/7/2023,"19,300","19,300","19,500","19,100",7.03M,0.52%
12/6/2023,"19,200","19,200","19,300","19,100",4.69M,0.26%
12/5/2023,"19,150","19,200","19,200","19,000",2.57M,0.00%
12/4/2023,"19,150","19,150","19,200","19,000",8.28M,1.06%
12/1/2023,"18,950","18,800","19,000","18,650",1.74M,1.34%
11/30/2023,"18,700","18,800","18,950","18,600",1.31M,-0.53%
11/29/2023,"18,800","18,800","18,900","18,650",1.76M,0.53%
11/28/2023,"18,700","18,450","18,700","18,300",1.62M,1.36%
11/27/2023,"18,450","18,800","18,800","18,450",2.54M,-1.86%
11/24/2023,"18,800","18,800","18,900","18,550",2.66M,0.00%
11/23/2023,"18,800","19,300","19,350","18,800",2.60M,-2.08%
11/22/2023,"19,200","19,100","19,250","18,850",2.34M,0.79%
11/21/2023,"19,050","19,100","19,350","19,050",2.03M,0.26%
11/20/2023,"19,000","19,050","19,150","18,750",3.19M,-0.78%
11/17/2023,"19,150","19,600","19,700","19,100",4.53M,-2.30%
11/16/2023,"19,600","19,550","19,650","19,400",2.60M,-0.25%
11/15/2023,"19,650","19,950","20,000","19,600",5.37M,0.26%
11/14/2023,"19,600","19,250","19,700","19,200",6.81M,2.08%
11/13/2023,"19,200","19,200","19,350","18,900",2.97M,1.05%
11/10/2023,"19,000","19,000","19,350","18,950",3.97M,-1.55%
11/9/2023,"19,300","19,500","19,550","19,200",3.01M,-0.52%
11/8/2023,"19,400","18,700","19,400","18,650",3.58M,3.74%
11/7/2023,"18,700","19,000","19,000","18,550",2.33M,-1.06%
11/6/2023,"18,900","18,950","18,950","18,700",2.53M,1.61%
11/3/2023,"18,600","18,900","18,900","18,550",3.34M,0.27%
11/2/2023,"18,550","18,150","18,600","18,000",3.08M,3.06%
11/1/2023,"18,000","17,900","18,000","17,600",2.41M,0.56%
10/31/2023,"17,900","17,600","18,000","17,550",3.63M,1.70%
10/30/2023,"17,600","18,100","18,200","17,600",1.74M,-2.76%
10/27/2023,"18,100","17,800","18,100","17,500",2.49M,4.32%
10/26/2023,"17,350","18,100","18,100","17,300",6.12M,-5.19%
10/25/2023,"18,300","18,500","18,650","18,300",2.27M,-1.08%
10/24/2023,"18,500","18,150","18,650","18,150",2.06M,2.49%
10/23/2023,"18,050","18,350","18,450","18,050",2.71M,-1.63%
10/20/2023,"18,350","18,200","18,500","18,100",4.01M,0.55%
10/19/2023,"18,250","18,400","18,450","18,000",4.22M,-1.08%
10/18/2023,"18,450","18,700","18,800","18,300",3.45M,-1.07%
10/17/2023,"18,650","19,000","19,100","18,650",2.71M,-1.06%
10/16/2023,"18,850","19,300","19,300","18,850",3.52M,-2.58%
10/13/2023,"19,350","19,100","19,500","19,100",2.01M,-1.53%
10/12/2023,"19,650","19,600","19,750","19,550",2.66M,0.26%
10/11/2023,"19,600","19,400","19,600","19,250",2.06M,1.03%
10/10/2023,"19,400","19,100","19,500","19,000",4.14M,2.37%
10/9/2023,"18,950","18,700","18,950","18,550",3.44M,1.34%
10/6/2023,"18,700","18,550","18,900","18,400",3.19M,1.08%
10/5/2023,"18,500","19,100","19,100","18,500",3.40M,-2.12%
10/4/2023,"18,900","18,700","19,150","18,600",2.22M,0.53%
10/3/2023,"18,800","19,250","19,350","18,700",6.56M,-3.34%
10/2/2023,"19,450","19,350","19,600","19,300",2.04M,0.52%
9/29/2023,"19,350","19,500","19,700","19,300",2.51M,0.00%
9/28/2023,"19,350","19,700","19,700","19,150",4.04M,-1.02%
9/27/2023,"19,550","19,250","19,600","18,950",4.43M,1.56%
9/26/2023,"19,250","19,500","19,700","19,150",5.08M,1.05%
9/25/2023,"19,050","20,300","20,350","19,050",7.55M,-6.16%
9/22/2023,"20,300","20,400","20,450","20,000",10.63M,-1.69%
9/21/2023,"20,650","21,050","21,150","20,600",8.84M,-1.67%
9/20/2023,"21,000","20,700","21,000","20,650",5.59M,1.45%
9/19/2023,"20,700","20,950","21,050","20,600",7.63M,-1.19%
9/18/2023,"20,950","21,300","21,450","20,800",11.72M,-2.78%
9/15/2023,"21,550","21,600","21,850","21,350",12.88M,-0.69%
9/14/2023,"21,700","21,300","22,000","21,250",21.46M,3.33%
9/13/2023,"21,000","20,500","21,000","20,400",11.14M,2.94%
9/12/2023,"20,400","20,200","20,500","20,100",3.76M,0.99%
9/11/2023,"20,200","20,800","20,800","20,200",5.30M,-1.94%
9/8/2023,"20,600","20,600","20,700","20,550",3.90M,-0.48%
9/7/2023,"20,700","20,800","21,000","20,600",6.20M,0.24%
9/6/2023,"20,650","20,600","20,650","20,450",4.32M,0.24%
9/5/2023,"20,600","20,550","20,800","20,500",4.46M,1.23%
8/31/2023,"20,350","20,000","20,400","20,000",3.26M,1.75%
8/30/2023,"20,000","19,900","20,100","19,800",3.31M,1.01%
8/29/2023,"19,800","19,800","19,950","19,700",3.82M,0.00%
8/28/2023,"19,800","19,600","19,850","19,600",2.43M,1.02%
8/25/2023,"19,600","19,750","19,750","19,550",2.58M,-0.76%
8/24/2023,"19,750","19,700","19,850","19,600",3.46M,0.00%
8/23/2023,"19,750","19,950","20,000","19,500",3.22M,-0.50%
8/22/2023,"19,850","19,850","19,900","19,050",5.54M,0.00%
8/21/2023,"19,850","19,650","19,900","19,400",5.02M,1.53%
8/18/2023,"19,550","20,600","20,650","19,500",8.89M,-5.56%
8/17/2023,"20,700","20,700","20,950","20,550",4.21M,0.24%
8/16/2023,"20,650","20,600","20,850","20,450",3.72M,0.24%
8/15/2023,"20,600","20,700","20,750","20,550",2.72M,-0.48%
8/14/2023,"20,700","20,650","20,800","20,500",4.45M,0.73%
8/11/2023,"20,550","20,850","20,850","20,350",4.84M,-0.48%
8/10/2023,"20,650","20,900","21,000","20,500",5.06M,-1.43%
8/9/2023,"20,950","21,200","21,250","20,850",5.30M,-1.18%
8/8/2023,"21,200","21,600","21,650","21,150",4.11M,-0.93%
8/7/2023,"21,400","21,050","21,700","21,000",8.29M,1.90%
8/4/2023,"21,000","20,750","21,000","20,600",5.85M,1.69%
8/3/2023,"20,650","20,700","20,900","20,600",4.02M,-0.24%
8/2/2023,"20,700","20,550","20,850","20,500",5.56M,0.24%
8/1/2023,"20,650","20,850","21,200","20,600",6.11M,-0.72%
7/31/2023,"20,800","20,850","21,150","20,800",3.77M,0.24%
7/28/2023,"20,750","20,600","20,750","20,500",2.70M,0.48%
7/27/2023,"20,650","20,800","20,900","20,500",4.28M,-0.72%
7/26/2023,"20,800","20,900","21,050","20,750",2.56M,-0.72%
7/25/2023,"20,950","21,000","21,300","20,950",5.60M,-0.24%
7/24/2023,"21,000","20,600","21,300","20,450",7.57M,2.19%
7/21/2023,"20,550","20,450","20,550","20,300",3.18M,0.24%
7/20/2023,"20,500","20,550","20,600","20,350",2.85M,-0.24%
7/19/2023,"20,550","20,700","20,750","20,500",5.29M,0.00%
7/18/2023,"20,550","20,400","20,800","20,250",4.95M,0.74%
7/17/2023,"20,400","20,250","20,450","20,250",4.29M,0.74%
7/14/2023,"20,250","20,250","20,350","20,000",4.55M,0.25%
7/13/2023,"20,200","20,200","20,200","20,000",4.16M,0.50%
7/12/2023,"20,100","20,300","20,400","19,950",5.05M,-0.99%
7/11/2023,"20,300","20,400","20,650","20,200",5.40M,0.00%
7/10/2023,"20,300","19,900","20,400","19,800",11.49M,2.53%
7/7/2023,"19,800","19,550","19,800","19,500",2.52M,1.02%
7/6/2023,"19,600","19,800","19,950","19,550",4.09M,-1.51%
7/5/2023,"19,900","19,650","20,050","19,650",7.42M,1.27%
7/4/2023,"19,650","19,550","19,650","19,500",2.87M,0.00%
7/3/2023,"19,650","19,650","19,750","19,550",2.70M,0.00%
6/30/2023,"19,650","19,750","19,800","19,650",3.32M,-0.51%
6/29/2023,"19,750","19,900","19,950","19,700",5.79M,-0.50%
6/28/2023,"19,850","19,800","20,000","19,650",4.52M,0.25%
6/27/2023,"19,800","20,000","20,000","19,650",4.44M,-0.75%
6/26/2023,"19,950","20,100","20,100","19,600",6.61M,0.00%
6/23/2023,"19,950","19,800","20,200","19,800",5.94M,1.01%
6/22/2023,"19,750","19,800","20,000","19,750",8.93M,1.72%
6/21/2023,"19,417","19,500","19,500","19,375",10.07M,0.00%
6/20/2023,"19,417","19,250","19,500","19,250",6.25M,0.87%
6/19/2023,"19,250","19,250","19,375","19,167",5.61M,0.00%
6/16/2023,"19,250","19,333","19,667","19,250",10.97M,-0.22%
6/15/2023,"19,292","19,417","19,500","19,250",7.92M,-0.64%
6/14/2023,"19,417","19,583","20,042","19,417",12.52M,-0.43%
6/13/2023,"19,500","19,583","19,667","19,333",7.03M,-0.43%
6/12/2023,"19,583","19,542","19,708","19,083",6.85M,0.43%
6/9/2023,"19,500","19,125","19,667","18,958",13.28M,2.41%
6/8/2023,"19,042","19,667","19,708","19,042",17.08M,-3.18%
6/7/2023,"19,667","19,667","19,708","19,417",8.69M,0.00%
6/6/2023,"19,667","19,333","19,667","19,250",11.60M,1.72%
6/5/2023,"19,333","19,667","19,667","19,167",9.99M,0.65%
6/2/2023,"19,208","18,250","19,208","18,250",25.77M,6.96%
6/1/2023,"17,958","17,833","18,000","17,750",5.10M,0.70%
5/31/2023,"17,833","17,750","18,125","17,750",7.80M,0.47%
5/30/2023,"17,750","17,792","17,833","17,667",4.62M,0.00%
5/29/2023,"17,750","17,667","17,750","17,500",4.65M,1.19%
5/26/2023,"17,542","17,458","17,583","17,375",2.89M,0.72%
5/25/2023,"17,417","17,458","17,542","17,375",3.97M,-0.48%
5/24/2023,"17,500","17,875","17,875","17,500",6.44M,-1.41%
5/23/2023,"17,750","18,000","18,083","17,625",6.76M,-1.39%
5/22/2023,"18,000","17,958","18,083","17,833",5.71M,-15.89%
5/19/2023,"21,400","21,500","21,550","21,250",4.45M,-0.23%
5/18/2023,"21,450","20,800","21,650","20,750",10.80M,3.13%
5/17/2023,"20,800","20,800","21,000","20,800",5.67M,-0.48%
5/16/2023,"20,900","20,950","21,150","20,750",6.17M,0.24%
5/15/2023,"20,850","20,600","21,150","20,550",10.35M,1.71%
5/12/2023,"20,500","20,650","20,700","20,400",4.44M,-0.24%
5/11/2023,"20,550","20,700","20,850","20,500",3.48M,-0.48%
5/10/2023,"20,650","20,300","20,700","20,200",6.17M,1.98%
5/9/2023,"20,250","20,450","20,450","20,200",1.75M,-0.49%
5/8/2023,"20,350","20,200","20,400","20,150",4.57M,0.99%
5/5/2023,"20,150","20,350","20,350","20,150",2.40M,-0.25%
5/4/2023,"20,200","20,500","20,500","20,200",2.24M,-1.46%
4/28/2023,"20,500","20,350","20,500","20,250",4.24M,1.23%
4/27/2023,"20,250","20,450","20,450","20,250",1.90M,-0.98%
4/26/2023,"20,450","20,150","20,450","20,000",2.82M,2.25%
4/25/2023,"20,000","20,350","20,450","19,950",2.81M,-1.48%
4/24/2023,"20,300","20,250","20,500","20,150",3.90M,0.74%
4/21/2023,"20,150","20,450","20,600","20,150",3.36M,-1.23%
4/20/2023,"20,400","20,400","20,500","20,350",2.25M,-0.24%
4/19/2023,"20,450","20,700","20,850","20,400",3.18M,-0.97%
4/18/2023,"20,650","20,800","20,800","20,600",1.92M,0.00%
4/17/2023,"20,650","20,800","20,900","20,650",2.12M,-0.72%
4/14/2023,"20,800","21,150","21,450","20,800",5.01M,-1.65%
4/13/2023,"21,150","21,350","21,350","21,000",3.21M,-0.70%
4/12/2023,"21,300","21,200","21,500","21,100",4.79M,0.95%
4/11/2023,"21,100","20,900","21,100","20,800",4.24M,0.96%
4/10/2023,"20,900","21,100","21,250","20,800",4.67M,0.00%
4/7/2023,"20,900","20,950","21,150","20,800",3.90M,-0.48%
4/6/2023,"21,000","21,500","21,600","21,000",6.18M,-4.33%
4/5/2023,"21,950","22,100","22,150","21,900",5.63M,-0.68%
4/4/2023,"22,100","21,750","22,300","21,650",7.57M,1.84%
4/3/2023,"21,700","21,700","21,800","21,550",6.20M,1.40%
3/31/2023,"21,400","21,450","21,550","21,250",6.04M,0.23%
3/30/2023,"21,350","21,450","21,700","21,350",5.39M,0.47%
3/29/2023,"21,250","21,200","21,450","21,100",5.02M,0.47%
3/28/2023,"21,150","21,250","21,500","21,150",6.89M,0.24%
3/27/2023,"21,100","21,000","21,150","20,900",4.95M,0.72%
3/24/2023,"20,950","20,800","21,100","20,750",5.71M,1.45%
3/23/2023,"20,650","20,600","20,700","20,400",3.27M,-0.24%
3/22/2023,"20,700","20,900","20,900","20,650",2.17M,-0.24%
3/21/2023,"20,750","20,900","20,900","20,400",2.88M,0.97%
3/20/2023,"20,550","20,950","21,250","20,550",5.06M,-1.91%
3/17/2023,"20,950","21,250","21,250","20,900",2.76M,0.24%
3/16/2023,"20,900","21,300","21,300","20,800",3.55M,-2.34%
3/15/2023,"21,400","20,650","21,400","20,600",7.40M,5.68%
3/14/2023,"20,250","20,650","20,800","20,150",2.49M,-2.17%
3/13/2023,"20,700","20,700","20,850","20,600",3.07M,-1.19%
3/10/2023,"20,950","20,950","21,100","20,700",2.34M,-1.18%
3/9/2023,"21,200","20,900","21,350","20,800",4.21M,2.42%
3/8/2023,"20,700","20,550","20,750","20,350",2.69M,0.49%
3/7/2023,"20,600","20,900","21,000","20,550",1.91M,0.00%
3/6/2023,"20,600","20,800","21,050","20,600",1.99M,-0.24%
3/3/2023,"20,650","21,100","21,150","20,650",1.33M,-1.67%
3/2/2023,"21,000","21,050","21,250","20,900",1.23M,-0.47%
3/1/2023,"21,100","20,550","21,100","20,300",2.47M,2.68%
2/28/2023,"20,550","20,700","20,900","20,450",1.35M,0.00%
2/27/2023,"20,550","20,700","21,200","20,550",2.07M,-2.14%
2/24/2023,"21,000","21,450","21,700","21,000",1.44M,-2.33%
2/23/2023,"21,500","21,050","21,500","20,700",3.10M,2.38%
2/22/2023,"21,000","21,500","21,700","21,000",3.33M,-3.67%
2/21/2023,"21,800","22,250","22,400","21,800",3.18M,-0.91%
2/20/2023,"22,000","21,450","22,000","21,400",3.97M,2.33%
2/17/2023,"21,500","21,100","21,500","21,000",3.79M,2.87%
2/16/2023,"20,900","20,900","21,050","20,700",2.13M,0.97%
2/15/2023,"20,700","20,500","21,000","20,250",3.33M,0.98%
2/14/2023,"20,500","20,450","20,800","20,300",1.27M,1.49%
2/13/2023,"20,200","20,500","21,000","20,000",3.84M,-3.81%
2/10/2023,"21,000","22,000","22,150","20,900",3.33M,-4.55%
2/9/2023,"22,000","22,350","22,400","21,950",1.77M,-0.90%
2/8/2023,"22,200","22,009","22,439","21,913",2.42M,0.65%
2/7/2023,"22,057","22,870","22,870","21,913",3.72M,-2.54%
2/6/2023,"22,631","22,774","23,061","22,535",3.21M,-2.67%
2/3/2023,"23,253","22,774","23,253","22,535",4.29M,2.97%
2/2/2023,"22,583","22,583","22,870","22,296",4.36M,0.00%
2/1/2023,"22,583","22,918","23,348","22,391",8.39M,0.21%
1/31/2023,"22,535","22,009","22,535","21,626",7.27M,2.17%
1/30/2023,"22,057","22,439","22,535","22,057",4.44M,-1.28%
1/27/2023,"22,344","22,296","22,487","22,104",3.77M,-2.43%
1/19/2023,"22,900","22,600","22,950","22,550",4.65M,0.00%
1/18/2023,"22,900","23,150","23,200","22,800",3.54M,0.00%
1/17/2023,"22,900","22,250","22,900","22,250",3.42M,2.69%
1/16/2023,"22,300","22,250","22,400","22,050",2.58M,1.13%
1/13/2023,"22,050","22,200","22,600","21,900",6.25M,1.15%
1/12/2023,"21,800","21,150","21,950","21,150",4.93M,2.83%
1/11/2023,"21,200","21,500","21,500","21,200",4.15M,0.24%
1/10/2023,"21,150","21,200","21,400","20,850",3.78M,0.00%
1/9/2023,"21,150","20,800","21,650","20,800",4.57M,2.67%
1/6/2023,"20,600","20,200","20,850","20,000",5.14M,2.49%
1/5/2023,"20,100","19,900","20,150","19,850",1.76M,1.01%
1/4/2023,"19,900","20,000","20,400","19,800",2.53M,0.00%
1/3/2023,"19,900","18,950","19,900","18,950",2.39M,4.74%
12/30/2022,"19,000","19,100","19,250","18,900",1.43M,0.53%
12/29/2022,"18,900","18,750","19,200","18,750",1.38M,-0.53%
12/28/2022,"19,000","18,850","19,250","18,650",1.70M,0.00%
12/27/2022,"19,000","18,300","19,000","18,300",1.88M,3.54%
12/26/2022,"18,350","19,650","19,800","18,300",3.33M,-6.62%
12/23/2022,"19,650","19,850","19,950","19,400",1.62M,-1.50%
12/22/2022,"19,950","20,000","20,200","19,500",2.19M,1.27%
12/21/2022,"19,700","19,800","20,200","18,800",3.33M,0.00%
12/20/2022,"19,700","20,650","20,750","19,550",5.75M,-5.06%
12/19/2022,"20,750","20,850","21,550","20,750",5.53M,-0.24%
12/16/2022,"20,800","20,700","21,100","20,700",4.73M,-0.95%
12/15/2022,"21,000","20,700","21,500","20,600",5.96M,1.94%
12/14/2022,"20,600","20,900","21,000","20,600",5.27M,-0.72%
12/13/2022,"20,750","20,250","20,750","20,000",5.06M,1.97%
12/12/2022,"20,350","21,000","21,300","20,300",4.65M,-2.86%
12/9/2022,"20,950","21,000","21,150","20,600",5.12M,0.00%
12/8/2022,"20,950","20,900","21,800","20,600",6.29M,2.44%
12/7/2022,"20,450","20,400","20,700","20,000",4.99M,0.25%
12/6/2022,"20,400","21,950","22,000","20,400",11.26M,-6.85%
12/5/2022,"21,900","22,000","22,250","21,450",8.78M,2.34%
12/2/2022,"21,400","19,850","21,400","19,800",8.82M,7.00%
12/1/2022,"20,000","20,850","20,950","19,950",10.03M,-1.23%
11/30/2022,"20,250","19,150","20,250","18,950",11.71M,6.86%
11/29/2022,"18,950","19,150","19,300","18,600",5.56M,-0.52%
11/28/2022,"19,050","18,750","19,300","18,400",6.16M,4.10%
11/25/2022,"18,300","18,200","18,300","18,000",3.62M,2.52%
11/24/2022,"17,850","17,800","17,950","17,500",2.19M,-0.28%
11/23/2022,"17,900","18,400","18,400","17,900",1.92M,-1.65%
11/22/2022,"18,200","18,350","19,000","18,150",4.85M,-1.62%
11/21/2022,"18,500","18,500","18,900","18,350",2.45M,0.54%
11/18/2022,"18,400","18,450","18,600","17,900",2.57M,-0.27%
11/17/2022,"18,450","18,400","18,800","18,200",3.26M,2.50%
11/16/2022,"18,000","16,250","18,150","16,250",3.64M,5.88%
11/15/2022,"17,000","17,000","17,200","16,200",4.76M,-2.30%
11/14/2022,"17,400","17,050","17,650","16,400",4.05M,-0.57%
11/11/2022,"17,500","17,800","17,950","16,500",4.92M,0.00%
11/10/2022,"17,500","18,000","18,200","17,150",5.65M,-4.89%
11/9/2022,"18,400","18,350","18,900","18,100",2.69M,-0.81%
11/8/2022,"18,550","18,000","18,650","17,950",3.45M,0.54%
11/7/2022,"18,450","19,250","19,700","18,400",5.98M,-6.58%
11/4/2022,"19,750","20,000","20,300","18,900",6.77M,-2.71%
11/3/2022,"20,300","20,550","20,800","20,250",4.35M,-1.93%
11/2/2022,"20,700","20,150","21,250","20,100",9.64M,2.73%
11/1/2022,"20,150","19,900","20,450","19,800",5.00M,2.81%
10/31/2022,"19,600","19,850","19,900","19,100",1.23M,-0.51%
10/28/2022,"19,700","20,100","20,550","19,700",2.31M,-1.01%
10/27/2022,"19,900","19,200","19,900","18,650",2.13M,4.46%
10/26/2022,"19,050","19,350","19,500","18,650",787.20K,-1.04%
10/25/2022,"19,250","19,000","19,800","18,000",1.85M,2.12%
10/24/2022,"18,850","19,250","19,250","17,900",1.92M,-1.82%
10/21/2022,"19,200","20,100","20,100","18,650",2.15M,-3.76%
10/20/2022,"19,950","20,500","20,500","19,900",1.55M,-2.21%
10/19/2022,"20,400","20,000","20,600","19,900",1.57M,2.26%
10/18/2022,"19,950","20,250","20,500","19,900",1.50M,0.25%
10/17/2022,"19,900","20,150","20,200","19,400",1.23M,-1.49%
10/14/2022,"20,200","21,050","21,050","20,050",2.74M,2.54%
10/13/2022,"19,700","19,700","20,000","19,500",1.46M,0.51%
10/12/2022,"19,600","19,300","20,550","19,300",2.00M,1.29%
10/11/2022,"19,350","19,500","19,850","18,600",2.50M,-3.01%
10/10/2022,"19,950","19,850","20,450","19,200",1.63M,-0.25%
10/7/2022,"20,000","19,900","20,650","19,300",2.38M,-3.61%
10/6/2022,"20,750","21,450","21,450","20,000",2.04M,-3.26%
10/5/2022,"21,450","22,000","22,000","21,450",1.32M,0.94%
10/4/2022,"21,250","21,400","22,050","21,200",2.05M,0.47%
10/3/2022,"21,150","21,600","22,100","20,900",2.31M,-3.86%
9/30/2022,"22,000","22,100","22,250","21,100",2.10M,-0.68%
9/29/2022,"22,150","22,950","23,200","22,100",1.56M,-2.85%
9/28/2022,"22,800","23,400","23,400","22,500",1.21M,-1.94%
9/27/2022,"23,250","22,100","23,550","22,100",3.85M,3.10%
9/26/2022,"22,550","21,800","23,000","20,950",2.79M,1.12%
9/23/2022,"22,300","22,200","22,500","22,050",919.30K,-0.89%
9/22/2022,"22,500","21,600","22,500","21,550",1.41M,2.27%
9/21/2022,"22,000","22,000","22,100","21,750",959.90K,-1.35%
9/20/2022,"22,300","22,000","22,300","21,350",1.65M,1.13%
9/19/2022,"22,050","22,200","22,600","21,350",2.56M,-3.08%
9/16/2022,"22,750","22,900","23,000","22,350",1.45M,-1.09%
9/15/2022,"23,000","23,300","23,300","23,000",685.90K,-0.65%
9/14/2022,"23,150","22,900","23,150","22,650",1.35M,-0.86%
9/13/2022,"23,350","23,400","23,550","23,000",1.09M,0.00%
9/12/2022,"23,350","23,800","23,950","22,950",1.53M,-1.06%
9/9/2022,"23,600","23,750","23,800","22,300",4.17M,0.00%
9/8/2022,"23,600","24,700","24,800","23,600",1.88M,-3.67%
9/7/2022,"24,500","24,600","25,350","24,500",3.01M,-0.41%
9/6/2022,"24,600","24,550","24,800","24,400",2.01M,0.20%
9/5/2022,"24,550","25,000","25,150","24,550",1.55M,-1.80%
8/31/2022,"25,000","25,000","25,200","24,850",1.23M,0.00%
8/30/2022,"25,000","25,600","25,750","25,000",1.67M,-1.19%
8/29/2022,"25,300","25,100","25,700","24,650",1.85M,-0.39%
8/26/2022,"25,400","25,700","25,850","25,350",1.54M,-1.17%
8/25/2022,"25,700","25,400","25,850","25,200",2.12M,2.39%
8/24/2022,"25,100","25,350","25,550","25,100",1.10M,-0.40%
8/23/2022,"25,200","24,700","25,200","24,550",1.12M,0.80%
8/22/2022,"25,000","25,800","25,800","24,650",2.42M,-2.72%
8/19/2022,"25,700","25,900","26,200","25,700",1.84M,-1.15%
8/18/2022,"26,000","26,100","26,450","26,000",2.76M,-0.57%
8/17/2022,"26,150","26,400","26,500","26,150",2.34M,-0.95%
8/16/2022,"26,400","26,300","26,750","26,100",3.40M,0.57%
8/15/2022,"26,250","26,000","26,550","25,800",2.35M,1.74%
8/12/2022,"25,800","25,900","25,900","25,400",1.49M,0.58%
8/11/2022,"25,650","26,200","26,300","25,500",2.34M,-1.35%
8/10/2022,"26,000","26,000","26,100","25,900",1.36M,-0.19%
8/9/2022,"26,050","26,300","26,300","25,900",1.60M,-0.38%
8/8/2022,"26,150","25,800","26,300","25,800",1.56M,0.77%
8/5/2022,"25,950","26,000","26,000","25,650",2.45M,-0.57%
8/4/2022,"26,100","26,450","26,450","26,000",2.37M,-0.38%
8/3/2022,"26,200","26,600","26,600","26,100",1.98M,-1.50%
8/2/2022,"26,600","27,000","27,150","26,550",1.72M,-0.19%
8/1/2022,"26,650","26,500","26,750","26,300",1.82M,0.19%
7/29/2022,"26,600","26,500","27,300","26,450",6.34M,0.57%
7/28/2022,"26,450","26,050","26,450","25,700",2.36M,3.12%
7/27/2022,"25,650","25,500","25,700","25,200",817.00K,0.00%
7/26/2022,"25,650","25,700","26,150","25,500",1.14M,-0.39%
7/25/2022,"25,750","26,000","26,000","25,500",1.36M,-1.72%
7/22/2022,"26,200","25,450","26,450","25,150",4.38M,4.38%
7/21/2022,"25,100","25,050","25,450","25,000",1.68M,1.01%
7/20/2022,"24,850","24,950","25,000","24,600",2.05M,2.26%
7/19/2022,"24,300","24,700","24,700","24,150",1.10M,-1.22%
7/18/2022,"24,600","24,300","24,650","24,250",1.39M,1.44%
7/15/2022,"24,250","24,450","25,200","24,250",2.59M,-0.82%
7/14/2022,"24,450","24,150","24,500","23,900",1.21M,0.62%
7/13/2022,"24,300","24,500","25,200","24,000",1.52M,0.00%
7/12/2022,"24,300","23,750","24,900","23,650",1.06M,1.67%
7/11/2022,"23,900","24,200","24,800","23,700",2.49M,-4.59%
7/8/2022,"25,050","25,450","25,750","25,000",1.82M,-0.20%
7/7/2022,"25,100","24,300","25,350","23,200",3.12M,4.15%
7/6/2022,"24,100","23,300","24,500","23,300",1.68M,0.00%
7/5/2022,"24,100","25,000","25,400","24,100",2.74M,-0.82%
7/4/2022,"24,300","23,100","24,300","23,100",4.23M,6.81%
7/1/2022,"22,750","21,500","23,000","20,200",2.33M,5.81%
6/30/2022,"21,500","22,450","22,800","21,500",1.57M,-4.02%
6/29/2022,"22,400","22,200","23,600","21,800",2.39M,1.36%
6/28/2022,"22,100","20,900","22,100","20,700",1.75M,6.76%
6/27/2022,"20,700","20,600","20,750","20,200",1.54M,0.49%
6/24/2022,"20,600","20,700","20,750","20,250",1.39M,1.23%
6/23/2022,"20,350","19,650","20,350","19,500",1.73M,5.71%
6/22/2022,"19,250","18,800","19,250","18,200",4.28M,6.94%
6/21/2022,"18,000","18,400","19,400","18,000",3.06M,-6.74%
6/20/2022,"19,300","20,650","21,600","19,250",3.20M,-6.54%
6/17/2022,"20,650","21,700","21,700","20,650",4.38M,-6.98%
6/16/2022,"22,200","22,400","23,000","22,100",797.90K,0.91%
6/15/2022,"22,000","22,500","22,600","21,100",3.65M,-2.65%
6/14/2022,"22,600","24,200","24,200","22,600",2.20M,-6.80%
6/13/2022,"24,250","25,050","25,300","24,250",1.90M,-6.91%
6/10/2022,"26,050","26,100","26,650","26,050",607.90K,-1.70%
6/9/2022,"26,500","26,800","26,800","26,300",380.90K,-0.56%
6/8/2022,"26,650","26,500","27,000","26,000",968.30K,2.50%
6/7/2022,"26,000","26,150","26,200","25,400",755.40K,-0.57%
6/6/2022,"26,150","26,100","26,150","25,800",1.10M,0.19%
6/3/2022,"26,100","26,300","26,400","25,850",633.80K,-0.76%
6/2/2022,"26,300","26,500","26,750","26,050",752.70K,-0.75%
6/1/2022,"26,500","26,750","27,100","26,400",514.60K,-1.12%
5/31/2022,"26,800","27,250","27,250","26,600",467.20K,-1.47%
5/30/2022,"27,200","26,900","27,300","26,800",999.30K,1.30%
5/27/2022,"26,850","26,250","26,900","26,050",2.06M,2.48%
5/26/2022,"26,200","26,500","26,500","26,050",798.50K,-0.57%
5/25/2022,"26,350","25,500","26,350","25,500",1.08M,3.33%
5/24/2022,"25,500","24,450","25,500","24,150",1.03M,2.82%
5/23/2022,"24,800","26,000","26,000","24,800",877.50K,-4.06%
5/20/2022,"25,850","25,800","26,100","25,500",967.00K,0.19%
5/19/2022,"25,800","25,200","26,300","25,200",1.36M,-3.01%
5/18/2022,"26,600","27,000","27,050","26,000",1.19M,0.00%
5/17/2022,"26,600","25,500","26,750","24,400",1.73M,4.11%
5/16/2022,"25,550","25,100","27,000","23,550",3.90M,0.99%
5/13/2022,"25,300","27,000","27,900","25,300",1.76M,-6.93%
5/12/2022,"27,185","28,889","29,111","27,185",2.04M,-6.97%
5/11/2022,"29,222","28,963","29,222","28,370",902.70K,2.73%
5/10/2022,"28,445","27,037","28,667","27,037",1.55M,-1.54%
5/9/2022,"28,889","29,630","30,074","28,000",1.75M,-3.94%
5/6/2022,"30,074","30,370","30,889","30,000",832.80K,-2.87%
5/5/2022,"30,963","30,741","31,111","30,074",948.00K,3.47%
5/4/2022,"29,926","32,222","32,222","29,926",839.00K,-6.05%
4/29/2022,"31,852","30,741","32,037","30,556",1.98M,3.86%
4/28/2022,"30,667","30,482","31,148","30,445",668.00K,-0.96%
4/27/2022,"30,963","30,370","30,963","29,630",913.00K,1.70%
4/26/2022,"30,445","29,259","30,445","27,593",1.46M,2.88%
4/25/2022,"29,593","31,482","31,482","29,296",1.58M,-6.00%
4/22/2022,"31,482","31,111","31,963","29,630",1.42M,1.19%
4/21/2022,"31,111","30,741","31,111","28,593",2.12M,1.57%
4/20/2022,"30,630","31,482","31,741","30,630",889.80K,-2.71%
4/19/2022,"31,482","32,000","32,222","31,037",1.28M,-1.62%
4/18/2022,"32,000","32,222","32,407","31,259",2.20M,-1.37%
4/15/2022,"32,445","32,963","33,148","32,407",1.55M,-2.12%
4/14/2022,"33,148","33,333","33,556","33,074",744.50K,-0.56%
4/13/2022,"33,333","32,815","33,519","32,148",1.20M,1.81%
4/12/2022,"32,741","33,704","33,778","32,741",1.34M,-1.78%
4/8/2022,"33,333","34,815","34,815","33,333",1.93M,-3.64%
4/7/2022,"34,593","35,185","35,704","34,593",2.04M,-1.48%
4/6/2022,"35,111","34,667","35,852","34,370",2.70M,1.17%
4/5/2022,"34,704","35,296","35,407","34,704",1.91M,-1.99%
4/4/2022,"35,407","36,148","36,148","35,259",2.33M,-0.21%
4/1/2022,"35,482","34,815","35,889","34,630",3.59M,1.81%
3/31/2022,"34,852","34,667","34,889","34,445",1.73M,0.11%
3/30/2022,"34,815","33,185","34,815","33,185",4.93M,4.68%
3/29/2022,"33,259","32,556","33,445","32,556",1.43M,2.16%
3/28/2022,"32,556","32,815","32,963","32,259",1.22M,-1.24%
3/25/2022,"32,963","33,111","33,222","32,963",1.03M,-0.45%
3/24/2022,"33,111","33,333","33,333","32,889",1.44M,-0.67%
3/23/2022,"33,333","33,482","33,852","33,185",899.80K,-0.22%
3/22/2022,"33,407","33,370","33,704","33,259",1.16M,0.67%
3/21/2022,"33,185","33,037","33,185","32,889",1.76M,1.13%
3/18/2022,"32,815","32,778","32,889","32,593",838.80K,0.23%
3/17/2022,"32,741","33,037","33,259","32,741",756.50K,0.34%
3/16/2022,"32,630","32,704","32,963","32,445",1.38M,1.85%
3/15/2022,"32,037","32,000","32,445","31,741",1.43M,0.58%
3/14/2022,"31,852","32,222","32,296","31,852",2.26M,-1.60%
3/11/2022,"32,370","32,222","32,963","32,222",1.83M,-1.58%
3/10/2022,"32,889","33,556","33,556","32,889",1.22M,-0.22%
3/9/2022,"32,963","32,963","33,185","31,778",2.84M,-0.22%
3/8/2022,"33,037","33,185","33,630","32,852",2.83M,-0.67%
3/7/2022,"33,259","33,704","33,704","33,259",1.77M,-1.96%
3/4/2022,"33,926","34,000","34,296","33,630",1.30M,-0.43%
3/3/2022,"34,074","33,667","34,074","32,889",3.05M,0.44%
3/2/2022,"33,926","34,519","34,519","32,667",5.90M,-2.55%
3/1/2022,"34,815","34,667","34,815","34,222",2.10M,0.21%
2/28/2022,"34,741","35,185","35,259","34,741",1.86M,-1.05%
2/25/2022,"35,111","34,889","35,296","34,815",3.20M,1.17%
2/24/2022,"34,704","34,556","34,963","33,333",4.17M,-0.11%
2/23/2022,"34,741","34,815","35,445","34,593",2.69M,0.86%
2/22/2022,"34,445","34,074","34,667","33,852",2.44M,-0.21%
2/21/2022,"34,519","34,222","34,704","34,185",2.56M,-0.53%
2/18/2022,"34,704","34,519","35,111","34,370",2.02M,0.11%
2/17/2022,"34,667","34,074","34,667","33,778",2.13M,2.63%
2/16/2022,"33,778","34,222","34,222","33,630",3.23M,-1.30%
2/15/2022,"34,222","34,074","34,593","33,333",3.49M,0.65%
2/14/2022,"34,000","34,667","35,148","34,000",4.64M,-3.77%
2/11/2022,"35,333","35,037","35,778","35,000",2.14M,0.21%
2/10/2022,"35,259","35,259","35,630","34,963",2.50M,-0.63%
2/9/2022,"35,482","35,889","36,296","35,333",3.91M,-0.21%
2/8/2022,"35,556","34,519","35,556","34,519",3.32M,1.37%
2/7/2022,"35,074","35,482","35,926","35,074",2.06M,-0.42%
1/28/2022,"35,222","35,037","36,222","34,593",4.87M,1.60%
1/27/2022,"34,667","34,926","35,556","34,296",2.43M,-0.64%
1/26/2022,"34,889","34,074","35,556","33,926",5.79M,2.84%
1/25/2022,"33,926","32,667","33,926","32,593",1.96M,3.85%
1/24/2022,"32,667","33,259","34,037","32,593",2.07M,-2.22%
1/21/2022,"33,407","32,222","34,074","32,185",3.14M,2.50%
1/20/2022,"32,593","32,296","32,963","31,185",3.73M,0.92%
1/19/2022,"32,296","32,000","33,037","32,000",1.66M,0.46%
1/18/2022,"32,148","32,222","33,259","31,185",4.39M,-1.36%
1/17/2022,"32,593","34,000","34,593","32,222",4.16M,-4.14%
1/14/2022,"34,000","33,852","34,445","33,333",1.78M,-1.50%
1/13/2022,"34,519","35,111","35,926","34,445",5.54M,-0.75%
1/12/2022,"34,778","33,111","35,037","31,630",3.90M,5.03%
1/11/2022,"33,111","33,704","34,074","32,815",2.29M,-1.76%
1/10/2022,"33,704","34,000","34,296","32,963",5.11M,-1.52%
1/7/2022,"34,222","34,407","34,815","34,185",2.99M,-1.07%
1/6/2022,"34,593","34,667","35,852","34,296",5.66M,-1.58%
1/5/2022,"35,148","35,296","36,185","34,704",2.65M,-0.42%
1/4/2022,"35,296","35,519","35,593","35,000",3.12M,0.74%
12/31/2021,"35,037","32,815","35,037","32,815",12.98M,6.89%
12/30/2021,"32,778","32,667","33,333","32,667",1.96M,0.34%
12/29/2021,"32,667","32,074","33,333","32,037",4.49M,2.80%
12/28/2021,"31,778","31,778","32,593","31,333",1.97M,-0.69%
12/27/2021,"32,000","32,593","32,593","30,741",1.34M,-1.03%
12/24/2021,"32,333","30,889","32,593","30,815",2.18M,3.44%
12/23/2021,"31,259","31,704","31,704","30,185",4.08M,-2.99%
12/22/2021,"32,222","32,667","32,741","30,815",4.59M,-1.36%
12/21/2021,"32,667","33,667","33,704","32,667",2.66M,-3.08%
12/20/2021,"33,704","32,482","33,704","32,148",5.52M,3.76%
12/17/2021,"32,482","32,926","33,037","32,296",1.85M,-0.34%
12/16/2021,"32,593","32,593","33,259","32,519",3.36M,0.69%
12/15/2021,"32,370","31,926","32,519","31,519",3.39M,2.10%
12/14/2021,"31,704","31,667","32,222","31,333",1.77M,-0.47%
12/13/2021,"31,852","32,222","32,222","31,296",3.00M,0.00%
12/10/2021,"31,852","31,963","32,259","31,667",2.94M,1.18%
12/9/2021,"31,482","31,111","31,482","30,963",1.99M,1.67%
12/8/2021,"30,963","30,370","31,815","30,185",1.91M,2.08%
12/7/2021,"30,333","30,222","30,741","30,000",1.64M,0.86%
12/6/2021,"30,074","31,704","31,704","29,222",4.87M,-4.25%
12/3/2021,"31,407","31,556","32,889","31,407",4.22M,-1.17%
12/2/2021,"31,778","32,148","32,667","31,630",2.95M,-0.23%
12/1/2021,"31,852","31,333","31,852","30,630",4.79M,1.90%
11/30/2021,"31,259","32,815","33,074","30,074",6.86M,-3.32%
11/29/2021,"32,333","32,741","33,037","31,852",4.89M,-3.00%
11/26/2021,"33,333","33,148","34,296","32,667",5.65M,0.78%
11/25/2021,"33,074","33,556","33,852","32,593",4.51M,-0.33%
11/24/2021,"33,185","30,889","33,185","30,741",11.07M,6.92%
11/23/2021,"31,037","31,185","31,259","30,074",3.67M,0.48%
11/22/2021,"30,889","29,556","30,889","29,333",11.31M,6.92%
11/19/2021,"28,889","28,000","29,259","27,889",8.04M,3.17%
11/18/2021,"28,000","28,407","28,407","27,889",1.69M,-1.43%
11/17/2021,"28,407","28,148","28,519","28,000",1.91M,0.79%
11/16/2021,"28,185","28,296","28,741","28,037",2.28M,-0.78%
11/15/2021,"28,407","28,889","28,889","28,259",2.36M,0.13%
11/12/2021,"28,370","28,074","28,407","27,407",1.33M,1.32%
11/11/2021,"28,000","28,074","28,148","27,185",2.23M,-0.26%
11/10/2021,"28,074","28,148","28,222","27,889",1.33M,-0.26%
11/9/2021,"28,148","27,926","28,370","27,852",1.84M,0.93%
11/8/2021,"27,889","28,148","28,889","27,704",2.08M,-0.92%
11/5/2021,"28,148","28,445","28,482","27,778",1.02M,-0.78%
11/4/2021,"28,370","28,815","28,926","28,259",906.50K,-1.03%
11/3/2021,"28,667","27,815","28,889","27,778",4.10M,3.34%
11/2/2021,"27,741","27,074","27,741","26,778",1.95M,2.32%
11/1/2021,"27,111","27,407","27,482","27,074",1.14M,-1.08%
10/29/2021,"27,407","27,519","27,556","27,111",1.42M,-0.54%
10/28/2021,"27,556","27,482","27,778","27,037",1.55M,0.27%
10/27/2021,"27,482","27,407","27,519","26,889",2.46M,0.82%
10/26/2021,"27,259","26,667","27,259","26,445",1.60M,1.80%
10/25/2021,"26,778","27,333","27,333","26,667",891.00K,-2.03%
10/22/2021,"27,333","27,370","27,593","27,000",1.25M,0.00%
10/21/2021,"27,333","27,185","27,630","26,963",2.25M,0.82%
10/20/2021,"27,111","26,815","27,407","26,556",1.70M,0.55%
10/19/2021,"26,963","27,148","27,148","26,593",1.06M,-0.41%
10/18/2021,"27,074","27,185","27,333","26,667",1.17M,-0.41%
10/15/2021,"27,185","26,963","27,333","26,667",1.69M,0.82%
10/14/2021,"26,963","26,963","27,407","26,778",1.11M,0.55%
10/13/2021,"26,815","26,815","26,889","26,296",1.46M,0.28%
10/12/2021,"26,741","26,815","27,037","26,630",1.87M,1.26%
10/11/2021,"26,407","25,852","26,445","25,852",1.90M,3.03%
10/8/2021,"25,630","25,630","25,667","25,185",1.53M,0.73%
10/7/2021,"25,445","25,482","25,741","25,037",1.35M,-0.43%
10/6/2021,"25,556","25,519","25,778","25,407",1.15M,0.15%
10/5/2021,"25,519","24,741","25,519","24,741",1.94M,3.61%
10/4/2021,"24,630","25,482","25,852","24,630",3.06M,-3.06%
10/1/2021,"25,407","26,185","26,333","25,407",2.25M,-2.97%
9/30/2021,"26,185","26,593","27,000","26,074",2.77M,-1.67%
9/29/2021,"26,630","27,000","27,074","26,333",2.21M,-1.51%
9/28/2021,"27,037","27,111","27,407","26,741",1.34M,0.00%
9/27/2021,"27,037","28,370","28,482","27,037",2.07M,-5.07%
9/24/2021,"28,482","28,148","28,667","28,148",2.92M,1.72%
9/23/2021,"28,000","28,593","28,741","27,963",4.07M,-2.58%
9/22/2021,"28,741","29,630","29,630","28,667",1.45M,-1.77%
9/21/2021,"29,259","28,519","29,259","28,222",4.75M,2.60%
9/20/2021,"28,519","26,963","28,519","26,963",5.42M,6.94%
9/17/2021,"26,667","26,111","26,815","26,074",986.30K,2.27%
9/16/2021,"26,074","26,148","26,889","26,037",607.50K,0.14%
9/15/2021,"26,037","26,074","26,222","25,926",775.60K,-0.71%
9/14/2021,"26,222","26,593","26,593","26,185",1.16M,-1.39%
9/13/2021,"26,593","26,815","26,889","26,445",1.17M,-1.10%
9/10/2021,"26,889","27,148","27,185","26,741",982.30K,-0.82%
9/9/2021,"27,111","27,111","27,111","26,815",620.70K,0.14%
9/8/2021,"27,074","27,259","27,593","26,963",1.84M,0.14%
9/7/2021,"27,037","26,593","27,370","26,593",2.00M,1.96%
9/6/2021,"26,519","26,667","26,815","26,296",1.40M,-0.69%
9/1/2021,"26,704","26,667","26,815","26,593",844.20K,-0.55%
8/31/2021,"26,852","27,407","27,630","26,667",1.24M,-0.55%
8/30/2021,"27,000","26,667","27,111","26,519",1.54M,1.25%
8/27/2021,"26,667","26,370","26,889","25,556",2.08M,-0.83%
8/26/2021,"26,889","27,407","27,630","26,815",1.08M,-1.89%
8/25/2021,"27,407","26,704","27,778","26,704",1.22M,3.21%
8/24/2021,"26,556","26,445","27,111","25,741",1.90M,-0.42%
8/23/2021,"26,667","28,519","28,667","26,667",6.56M,-6.98%
8/20/2021,"28,667","30,222","30,222","28,000",3.52M,-4.56%
8/19/2021,"30,037","30,296","30,370","30,000",1.39M,-1.34%
8/18/2021,"30,445","30,852","30,889","30,370",2.79M,-1.32%
8/17/2021,"30,852","31,333","31,370","30,741",1.98M,-0.36%
8/16/2021,"30,963","30,222","31,037","29,926",2.54M,2.45%
8/13/2021,"30,222","30,370","30,593","29,926",1.86M,-0.49%
8/12/2021,"30,370","30,815","30,889","30,370",2.50M,-1.44%
8/11/2021,"30,815","31,037","31,407","30,778",1.79M,-0.48%
8/10/2021,"30,963","31,482","31,482","30,926",2.02M,-0.48%
8/9/2021,"31,111","30,778","31,222","30,482",1.77M,0.72%
8/6/2021,"30,889","31,259","31,296","30,889",1.75M,-0.71%
8/5/2021,"31,111","30,630","31,259","30,370",2.83M,1.57%
8/4/2021,"30,630","30,852","30,889","30,519",1.62M,-0.60%
8/3/2021,"30,815","31,037","31,111","30,593",1.73M,-0.36%
8/2/2021,"30,926","30,815","31,074","30,370",2.72M,0.36%
7/30/2021,"30,815","30,074","30,889","30,074",2.54M,2.59%
7/29/2021,"30,037","29,889","30,259","29,889",1.02M,0.62%
7/28/2021,"29,852","28,889","30,445","28,889",1.65M,1.51%
7/27/2021,"29,407","28,963","29,630","28,741",1.21M,2.98%
7/26/2021,"28,556","28,926","29,630","28,296",2.30M,-4.10%
7/23/2021,"29,778","30,667","30,741","29,778",1.96M,-3.60%
7/22/2021,"30,889","30,370","31,037","29,630",1.62M,1.46%
7/21/2021,"30,445","31,852","31,852","30,445",995.40K,-2.14%
7/20/2021,"31,111","30,370","31,111","28,889",5.18M,0.60%
7/19/2021,"30,926","31,926","31,926","30,926",2.92M,-6.91%
7/16/2021,"33,222","33,704","33,926","33,148",1.07M,-0.11%
7/15/2021,"33,259","32,593","34,074","31,482",2.80M,1.13%
7/14/2021,"32,889","34,296","35,185","32,889",5.92M,-6.92%
7/13/2021,"35,333","37,185","37,185","34,815",4.53M,-3.05%
7/12/2021,"36,445","38,519","38,519","36,111",3.79M,-6.11%
7/9/2021,"38,815","38,074","40,000","37,482",8.13M,1.95%
7/8/2021,"38,074","37,000","38,296","36,741",4.58M,3.21%
7/7/2021,"36,889","37,185","37,185","35,556",1.98M,-1.39%
7/6/2021,"37,407","37,333","38,445","37,185",6.58M,0.60%
7/5/2021,"37,185","37,778","37,778","36,778",1.75M,0.20%
7/2/2021,"37,111","36,667","37,630","36,370",2.02M,2.04%
7/1/2021,"36,370","36,370","37,037","36,148",1.01M,-0.71%
6/30/2021,"36,630","37,037","37,185","36,519",579.30K,-1.10%
6/29/2021,"37,037","37,333","37,704","36,963",1.40M,0.10%
6/28/2021,"37,000","36,370","37,407","35,556",3.27M,1.73%
6/25/2021,"36,370","37,037","37,037","36,148",1.42M,-1.80%
6/24/2021,"37,037","37,407","37,778","36,889",830.00K,-0.99%
6/23/2021,"37,407","37,630","38,074","37,407",1.93M,-0.20%
6/22/2021,"37,482","37,778","37,778","37,185",1.40M,0.40%
6/21/2021,"37,333","37,482","38,148","37,333",1.26M,0.00%
6/18/2021,"37,333","37,778","37,778","37,037",666.40K,0.80%
6/17/2021,"37,037","35,630","37,407","35,630",1.00M,0.40%
6/16/2021,"36,889","37,037","37,778","36,852",1.78M,-1.97%
6/15/2021,"37,630","38,370","38,370","37,630",1.40M,-1.93%
6/14/2021,"38,370","39,037","39,111","38,296",1.77M,-1.71%
6/11/2021,"39,037","38,519","39,333","37,407",2.34M,1.54%
6/10/2021,"38,445","38,519","40,000","37,778",1.44M,-1.14%
6/9/2021,"38,889","37,778","39,259","37,407",2.20M,5.15%
6/8/2021,"36,984","38,201","38,624","36,508",2.05M,-3.19%
6/7/2021,"38,201","39,365","39,577","36,455",2.44M,-2.43%
6/4/2021,"39,154","39,630","40,159","38,783",2.45M,0.00%
6/3/2021,"39,154","38,095","39,365","38,095",2.08M,2.78%
6/2/2021,"38,095","37,460","38,201","37,037",2.70M,0.98%
6/1/2021,"37,725","37,037","38,095","36,508",3.01M,4.09%
5/31/2021,"36,243","34,286","36,349","34,127",2.41M,6.53%
5/28/2021,"34,021","33,863","34,127","33,598",1.51M,0.78%
5/27/2021,"33,757","34,392","34,392","33,598",3.27M,1.27%
5/26/2021,"33,333","32,434","33,545","32,434",3.03M,3.28%
5/25/2021,"32,275","32,275","32,275","32,011",1.62M,0.00%
5/24/2021,"32,275","32,434","32,698","32,169",2.10M,-0.49%
5/21/2021,"32,434","32,751","32,804","32,275",2.27M,-0.81%
5/20/2021,"32,698","32,064","32,804","32,064",2.71M,2.15%
5/19/2021,"32,011","31,746","32,275","30,847",3.40M,3.24%
5/18/2021,"31,005","32,064","32,064","30,476",4.15M,-3.93%
5/17/2021,"32,275","32,593","32,963","32,169",2.10M,-2.09%
5/14/2021,"32,963","32,381","33,069","32,011",2.76M,1.80%
5/13/2021,"32,381","32,381","32,751","32,381",2.13M,-0.65%
5/12/2021,"32,593","32,381","33,069","32,222",1.97M,0.49%
5/11/2021,"32,434","31,746","32,804","31,482",2.56M,3.90%
5/10/2021,"31,217","30,900","31,482","30,900",1.38M,0.51%
5/7/2021,"31,058","30,952","31,217","30,318",921.40K,0.34%
5/6/2021,"30,952","29,101","31,111","29,101",4.04M,6.36%
5/5/2021,"29,101","29,630","29,630","28,730",2.13M,-0.72%
5/4/2021,"29,312","28,466","29,418","28,095",1.16M,-0.36%
4/29/2021,"29,418","29,048","29,471","29,048",3.61M,1.46%
4/28/2021,"28,995","28,201","29,101","28,042",1.91M,2.81%
4/27/2021,"28,201","28,466","28,519","27,566",1.24M,-0.93%
4/26/2021,"28,466","28,307","28,783","27,937",1.88M,0.94%
4/23/2021,"28,201","28,042","28,201","27,249",1.77M,0.00%
4/22/2021,"28,201","28,572","28,836","28,201",1.42M,-1.30%
4/20/2021,"28,572","27,778","28,889","27,778",3.49M,3.85%
4/19/2021,"27,513","26,984","27,566","26,984",1.07M,1.96%
4/16/2021,"26,984","27,407","27,460","26,720",694.80K,-1.73%
4/15/2021,"27,460","27,725","28,042","27,196",1.34M,-0.77%
4/14/2021,"27,672","27,302","27,937","26,984",1.41M,0.58%
4/13/2021,"27,513","28,042","28,201","27,407",1.25M,-1.89%
4/12/2021,"28,042","26,825","28,095","26,825",824.80K,4.54%
4/9/2021,"26,825","26,825","26,878","26,429",2.66M,-0.98%
4/8/2021,"27,090","28,201","28,201","26,455",2.47M,-3.94%
4/7/2021,"28,201","28,360","28,360","27,989",1.17M,-0.56%
4/6/2021,"28,360","28,095","29,365","28,095",1.69M,0.56%
4/5/2021,"28,201","28,307","28,307","26,984",2.50M,5.13%
4/2/2021,"26,825","26,402","27,090","26,191",1.21M,1.60%
4/1/2021,"26,402","25,900","26,455","25,609",1.88M,3.10%
3/31/2021,"25,609","24,815","26,085","24,815",2.76M,4.31%
3/30/2021,"24,550","23,280","24,603","23,280",2.22M,5.57%
3/29/2021,"23,254","22,910","23,254","22,884",472.10K,1.62%
3/26/2021,"22,884","22,804","23,175","22,222",1.19M,0.35%
3/25/2021,"22,804","23,175","23,228","22,751",1.79M,-1.60%
3/24/2021,"23,175","23,333","23,545","23,069",1.41M,-1.57%
3/23/2021,"23,545","23,889","23,915","22,751",1.15M,-1.44%
3/22/2021,"23,889","24,339","24,392","23,863",1.35M,-1.20%
3/19/2021,"24,180","24,206","24,233","24,127",1.24M,-0.11%
3/18/2021,"24,206","24,339","24,603","23,863",1.04M,-0.54%
3/17/2021,"24,339","23,016","24,603","23,016",2.50M,5.75%
3/16/2021,"23,016","23,228","23,280","22,963",610.70K,-0.46%
3/15/2021,"23,122","23,228","23,280","23,069",937.60K,0.58%
3/12/2021,"22,989","22,937","23,280","22,937",841.80K,0.46%
3/11/2021,"22,884","23,175","23,175","22,857",640.10K,0.70%
3/10/2021,"22,725","22,672","22,778","22,646",604.60K,-0.12%
3/9/2021,"22,751","22,751","22,910","22,593",608.00K,-0.35%
3/8/2021,"22,831","23,228","23,228","22,751",918.50K,-0.35%
3/5/2021,"22,910","22,222","23,016","21,587",962.00K,3.10%
3/4/2021,"22,222","22,857","22,884","22,064",1.96M,-2.78%
3/3/2021,"22,857","22,804","22,963","22,778",1.30M,-0.92%
3/2/2021,"23,069","23,545","23,598","22,540",2.11M,2.71%
3/1/2021,"22,460","21,693","22,460","21,640",1.87M,6.93%
2/26/2021,"21,005","20,106","21,058","20,106",2.08M,3.25%
2/25/2021,"20,344","19,788","20,370","19,788",1.84M,2.81%
2/24/2021,"19,788","19,709","20,027","19,709",1.71M,0.54%
2/23/2021,"19,683","19,841","20,053","18,571",2.65M,-1.33%
2/22/2021,"19,947","20,000","20,053","19,788",2.13M,0.27%
2/19/2021,"19,894","19,471","20,106","19,471",1.01M,0.40%
2/18/2021,"19,815","19,947","19,947","19,471",1.49M,-0.80%
2/17/2021,"19,974","19,048","20,000","18,995",2.16M,4.86%
2/9/2021,"19,048","18,201","19,048","18,201",2.06M,3.45%
2/8/2021,"18,413","18,783","19,259","18,042",2.56M,-1.70%
2/5/2021,"18,730","17,937","18,783","17,884",2.90M,4.73%
2/4/2021,"17,884","17,989","17,989","17,619",594.60K,-0.29%
2/3/2021,"17,937","17,196","17,937","16,931",1.02M,6.10%
2/2/2021,"16,905","16,402","16,931","16,402",732.80K,2.90%
2/1/2021,"16,429","16,931","16,931","16,243",537.30K,-1.74%
1/29/2021,"16,720","15,450","16,931","15,450",865.40K,1.44%
1/28/2021,"16,482","16,508","17,460","16,482",2.04M,-6.88%
1/27/2021,"17,698","17,460","17,937","17,355",1.59M,1.06%
1/26/2021,"17,513","18,069","18,069","17,460",945.00K,-3.07%
1/25/2021,"18,069","18,095","18,095","17,884",778.10K,0.00%
1/22/2021,"18,069","18,148","18,148","17,989",1.22M,0.15%
1/21/2021,"18,042","17,725","18,042","17,460",1.15M,3.49%
1/20/2021,"17,434","17,460","17,725","16,270",1.61M,-0.15%
1/19/2021,"17,460","18,519","18,677","17,381",1.95M,-6.52%
1/18/2021,"18,677","18,836","18,942","18,677",1.25M,-0.98%
1/15/2021,"18,862","18,783","19,021","18,783",1.56M,1.28%
1/14/2021,"18,624","18,386","18,783","18,386",1.55M,1.44%
1/13/2021,"18,360","18,466","18,624","18,333",1.99M,0.73%
1/12/2021,"18,228","18,042","18,466","18,042",1.14M,0.00%
1/11/2021,"18,228","18,519","18,519","18,201",1.91M,-0.86%
1/8/2021,"18,386","18,519","18,783","18,386",2.44M,-0.71%
1/7/2021,"18,519","18,677","18,677","18,307",1.96M,-0.99%
1/6/2021,"18,704","19,048","19,445","18,677",1.34M,0.14%
1/5/2021,"18,677","17,460","18,677","17,460",4.05M,6.97%
1/4/2021,"17,460","17,381","17,566","17,302",1.79M,1.85%
12/31/2020,"17,143","17,355","17,513","17,143",2.63M,-1.82%
12/30/2020,"17,460","17,566","17,725","17,407",1.63M,0.30%
12/29/2020,"17,407","17,328","17,407","17,249",680.80K,0.46%
12/28/2020,"17,328","17,566","17,672","17,169",1.65M,-0.15%
12/25/2020,"17,355","16,931","17,407","16,878",844.80K,2.18%
12/24/2020,"16,984","17,328","17,460","16,825",1.49M,-1.99%
12/23/2020,"17,328","17,646","17,698","17,328",1.60M,-2.09%
12/22/2020,"17,698","17,725","17,857","17,540",1.28M,-0.89%
12/21/2020,"17,857","17,566","17,989","17,566",1.21M,1.66%
12/18/2020,"17,566","17,460","17,672","17,275",1.11M,1.22%
12/17/2020,"17,355","17,196","17,725","16,931",3.88M,1.23%
12/16/2020,"17,143","16,905","17,196","16,878",1.50M,1.41%
12/15/2020,"16,905","16,825","17,355","16,773",1.36M,0.31%
12/14/2020,"16,852","16,984","17,143","16,852",1.47M,-0.78%
12/11/2020,"16,984","16,773","17,196","16,614",1.83M,1.26%
12/10/2020,"16,773","17,037","17,143","16,693",1.49M,-1.55%
12/9/2020,"17,037","17,355","17,381","17,037",1.55M,-1.23%
12/8/2020,"17,249","16,984","17,646","16,905",1.70M,1.56%
12/7/2020,"16,984","17,249","17,355","16,878",1.39M,-1.53%
12/4/2020,"17,249","16,931","17,460","16,429",2.91M,0.62%
12/3/2020,"17,143","17,593","17,857","17,143",2.42M,2.69%
12/2/2020,"16,693","15,926","16,693","15,873",3.21M,6.95%
12/1/2020,"15,609","14,392","15,609","14,392",6.15M,6.88%
11/30/2020,"14,603","14,815","14,815","14,603",591.90K,-1.43%
11/27/2020,"14,815","14,788","14,815","14,736",673.00K,0.00%
11/26/2020,"14,815","14,788","14,815","14,630",979.30K,0.00%
11/25/2020,"14,815","14,788","14,815","14,709",940.80K,0.18%
11/24/2020,"14,788","14,788","14,815","14,550",1.14M,0.00%
11/23/2020,"14,788","14,921","14,921","14,550",933.20K,-0.89%
11/20/2020,"14,921","15,027","15,027","14,868",798.60K,-0.35%
11/19/2020,"14,974","15,185","15,185","14,868",2.31M,3.07%
11/18/2020,"14,528","14,374","14,528","14,374",2.18M,0.15%
11/17/2020,"14,506","14,484","14,550","14,462",2.69M,0.15%
11/16/2020,"14,484","14,550","14,572","14,396",1.97M,-0.30%
11/13/2020,"14,528","14,550","14,550","14,440",2.49M,0.30%
11/12/2020,"14,484","14,374","14,550","14,374",2.06M,0.46%
11/11/2020,"14,418","14,550","14,572","14,418",1.89M,-0.30%
11/10/2020,"14,462","14,991","15,035","14,462",3.96M,0.00%
10/29/2020,"14,462","14,109","14,683","13,977",2.14M,0.61%
10/28/2020,"14,374","14,198","14,462","13,977",3.72M,-0.61%
10/27/2020,"14,462","14,639","14,639","14,330",2.20M,-1.21%
10/26/2020,"14,639","14,771","14,815","14,374",2.72M,-0.90%
10/23/2020,"14,771","14,771","14,859","14,594",3.33M,0.90%
10/22/2020,"14,639","14,771","14,771","14,550",793.50K,-0.90%
10/21/2020,"14,771","14,815","14,815","14,506",2.49M,-0.30%
10/20/2020,"14,815","14,815","15,212","14,462",1.57M,-0.59%
10/19/2020,"14,903","14,771","15,035","14,727",1.99M,1.81%
10/16/2020,"14,639","14,109","14,903","14,109",4.08M,3.43%
10/15/2020,"14,153","13,889","14,153","13,668",1.30M,1.58%
10/14/2020,"13,933","14,065","14,065","13,404",4.72M,-0.94%
10/13/2020,"14,065","14,374","14,418","13,845",4.64M,-2.45%
10/12/2020,"14,418","14,550","14,771","14,330",5.59M,-0.91%
10/9/2020,"14,550","14,550","14,683","14,418",2.61M,0.00%
10/8/2020,"14,550","14,771","14,815","13,095",7.74M,-1.49%
10/7/2020,"14,771","14,550","14,991","14,330",11.83M,-0.59%
10/6/2020,"14,859","13,448","14,903","13,404",9.27M,10.86%
10/5/2020,"13,404","12,875","13,448","12,875",4.68M,3.40%
10/2/2020,"12,963","12,787","13,139","12,522",7.72M,1.38%
10/1/2020,"12,787","12,213","12,787","12,213",4.89M,4.69%
9/30/2020,"12,213","12,169","12,302","11,993",1.92M,0.00%
9/29/2020,"12,213","12,125","12,346","11,993",5.19M,1.47%
9/28/2020,"12,037","11,684","12,037","11,684",3.05M,3.02%
9/25/2020,"11,684","11,288","11,684","11,288",3.01M,2.71%
9/24/2020,"11,376","11,332","11,464","11,243",3.93M,0.00%
9/23/2020,"11,376","11,067","11,508","11,067",6.09M,2.79%
9/22/2020,"11,067","11,111","11,155","10,935",1.47M,0.00%
9/21/2020,"11,067","11,023","11,376","10,979",2.86M,0.40%
9/18/2020,"11,023","10,362","11,023","10,362",5.47M,6.38%
9/17/2020,"10,362","10,362","10,450","10,318",1.62M,0.00%
9/16/2020,"10,362","10,450","10,538","10,273",1.33M,0.00%
9/15/2020,"10,362","9,965","10,494","9,965",4.45M,3.52%
9/14/2020,"10,009","9,921","10,009","9,921",1.34M,0.89%
9/11/2020,"9,921","9,877","9,921","9,833",689.00K,0.45%
9/10/2020,"9,877","9,921","9,965","9,833",1.16M,0.00%
9/9/2020,"9,877","9,744","9,877","9,700",2.00M,-0.44%
9/8/2020,"9,921","9,877","9,965","9,788",1.61M,0.45%
9/7/2020,"9,877","10,009","10,097","9,877",2.62M,-1.32%
9/4/2020,"10,009","10,141","10,141","9,833",2.61M,-0.87%
9/3/2020,"10,097","9,788","10,229","9,788",4.26M,3.62%
9/1/2020,"9,744","9,700","9,788","9,612",1.30M,0.45%
8/31/2020,"9,700","9,965","10,053","9,612",6.30M,-2.65%
8/28/2020,"9,965","10,009","10,009","9,877",3.14M,0.00%
8/27/2020,"9,965","9,788","9,965","9,788",2.41M,1.80%
8/26/2020,"9,788","9,612","10,009","9,612",3.97M,1.84%
8/25/2020,"9,612","9,524","9,744","9,480",9.31M,1.87%
8/24/2020,"9,436","9,303","9,480","9,303",4.53M,0.94%
8/21/2020,"9,347","9,215","9,392","9,215",2.10M,1.43%
8/20/2020,"9,215","9,215","9,392","9,171",3.16M,0.00%
8/19/2020,"9,215","9,215","9,303","9,171",2.11M,0.00%
8/18/2020,"9,215","9,083","9,347","8,995",3.45M,1.46%
8/17/2020,"9,083","9,039","9,127","8,907",1.09M,1.48%
8/14/2020,"8,951","9,171","9,171","8,951",2.92M,-2.40%
8/13/2020,"9,171","9,083","9,303","9,083",3.56M,0.48%
8/12/2020,"9,127","8,907","9,215","8,907",6.60M,2.48%
8/11/2020,"8,907","8,730","8,951","8,686",4.12M,2.54%
8/10/2020,"8,686","8,554","8,818","8,554",2.79M,1.55%
8/7/2020,"8,554","8,818","8,818","8,510",1.59M,-0.51%
8/6/2020,"8,598","8,818","9,700","8,422",3.76M,2.09%
8/5/2020,"8,422","8,377","8,510","8,333",1.75M,0.53%
8/4/2020,"8,377","8,333","8,554","8,289",2.73M,0.53%
8/3/2020,"8,333","7,981","8,333","7,937",3.89M,5.00%
7/31/2020,"7,937","7,716","8,069","7,628",2.17M,1.70%
7/30/2020,"7,804","7,716","7,937","7,716",2.43M,1.14%
7/29/2020,"7,716","8,201","8,201","7,540",3.06M,-5.91%
7/28/2020,"8,201","7,848","8,289","7,804",3.37M,5.09%
7/27/2020,"7,804","8,377","8,377","7,716",7.66M,-8.29%
7/24/2020,"8,510","8,951","8,951","8,333",7.41M,-4.93%
7/23/2020,"8,951","9,039","9,127","8,818",2.89M,-0.98%
7/22/2020,"9,039","8,995","9,171","8,907",4.01M,1.49%
7/21/2020,"8,907","8,686","8,907","8,686",3.54M,2.02%
7/20/2020,"8,730","8,642","8,774","8,598",4.05M,1.02%
7/17/2020,"8,642","8,642","8,642","8,510",2.18M,0.51%
7/16/2020,"8,598","8,377","8,686","8,377",4.49M,2.63%
7/15/2020,"8,377","8,157","8,466","8,113",4.58M,3.26%
7/14/2020,"8,113","8,113","8,157","8,069",831.51K,0.00%
7/13/2020,"8,113","8,157","8,289","8,069",1.38M,-0.54%
7/10/2020,"8,157","8,289","8,289","8,069",2.56M,-1.59%
7/9/2020,"8,289","8,113","8,377","8,113",3.51M,2.17%
7/8/2020,"8,113","7,848","8,245","7,804",4.22M,3.37%
7/7/2020,"7,848","7,848","7,892","7,804",1.59M,0.57%
7/6/2020,"7,804","7,804","7,848","7,716",1.65M,0.00%
7/3/2020,"7,804","7,848","7,848","7,804",999.57K,0.00%
7/2/2020,"7,804","7,804","7,848","7,716",2.99M,0.00%
7/1/2020,"7,804","7,716","7,804","7,672",1.14M,1.72%
6/30/2020,"7,672","7,716","7,804","7,584",1.15M,0.00%
6/29/2020,"7,672","7,760","7,760","7,584",1.58M,-1.14%
6/26/2020,"7,760","7,848","7,848","7,716",1.01M,-1.12%
6/25/2020,"7,848","7,584","7,848","7,584",1.80M,1.14%
6/24/2020,"7,760","7,716","7,848","7,672",1.39M,0.57%
6/23/2020,"7,716","7,716","7,760","7,628",1.13M,0.00%
6/22/2020,"7,716","7,760","7,760","7,672",1.03M,0.00%
6/19/2020,"7,716","7,540","7,760","7,540",860.38K,1.16%
6/18/2020,"7,628","7,540","7,628","7,496",491.34K,1.17%
6/17/2020,"7,540","7,628","7,628","7,496",1.15M,-0.58%
6/16/2020,"7,584","7,496","7,628","7,452",2.07M,1.78%
6/15/2020,"7,452","7,628","7,672","7,363",2.03M,-2.31%
6/12/2020,"7,628","7,275","7,716","7,275",3.14M,1.77%
6/11/2020,"7,496","7,804","7,937","7,407",5.56M,-4.49%
6/10/2020,"7,848","7,892","7,892","7,716",2.33M,-1.11%
6/9/2020,"7,937","7,848","7,937","7,760",4.40M,0.56%
6/8/2020,"7,892","7,760","7,937","7,716",2.65M,1.70%
6/5/2020,"7,760","7,804","7,848","7,672",3.89M,-0.57%
6/4/2020,"7,804","7,760","7,937","7,760",3.05M,0.00%
6/3/2020,"7,804","7,496","7,804","7,496",5.11M,4.12%
6/2/2020,"7,496","7,452","7,584","7,363",2.25M,0.59%
6/1/2020,"7,452","7,187","7,540","7,187",4.75M,3.68%
5/29/2020,"7,187","7,143","7,231","7,099",1.49M,0.62%
5/28/2020,"7,143","7,143","7,187","7,055",2.07M,0.00%
5/27/2020,"7,143","7,231","7,319","7,099",4.67M,-1.22%
5/26/2020,"7,231","7,055","7,275","7,011",2.15M,2.50%
5/25/2020,"7,055","6,967","7,143","6,790",3.51M,2.56%
5/22/2020,"6,878","6,790","7,055","6,746",3.74M,1.30%
5/21/2020,"6,790","6,702","6,834","6,658",2.01M,1.99%
5/20/2020,"6,658","6,746","6,746","6,658",1.78M,-1.31%
5/19/2020,"6,746","6,702","6,834","6,702",2.46M,1.32%
5/18/2020,"6,658","6,614","6,658","6,570",1.14M,0.67%
5/15/2020,"6,614","6,702","6,746","6,570",1.30M,-1.31%
5/14/2020,"6,702","6,746","6,746","6,658",1.87M,-0.65%
5/13/2020,"6,746","6,702","6,834","6,658",1.40M,-0.65%
5/12/2020,"6,790","6,746","6,790","6,614",2.22M,0.65%
5/11/2020,"6,746","6,526","6,746","6,482",2.92M,3.38%
5/8/2020,"6,526","6,393","6,658","6,393",2.64M,2.07%
5/7/2020,"6,393","6,305","6,437","6,305",770.73K,0.69%
5/6/2020,"6,349","6,305","6,437","6,305",1.20M,0.70%
5/5/2020,"6,305","6,305","6,349","6,261",470.23K,0.00%
5/4/2020,"6,305","6,393","6,393","6,305",795.78K,-1.38%
4/29/2020,"6,393","6,393","6,437","6,349",949.91K,0.00%
4/28/2020,"6,393","6,349","6,393","6,261",875.36K,0.69%
4/27/2020,"6,349","6,349","6,437","6,261",1.06M,0.00%
4/24/2020,"6,349","6,393","6,437","6,349",823.67K,-0.69%
4/23/2020,"6,393","6,393","6,570","6,393",801.85K,0.00%
4/22/2020,"6,393","6,261","6,482","6,129",2.11M,0.69%
4/21/2020,"6,349","6,614","6,702","6,261",2.71M,-2.70%
4/20/2020,"6,526","6,570","6,746","6,482",2.98M,0.68%
4/17/2020,"6,482","6,482","6,658","6,482",2.82M,0.00%
4/16/2020,"6,482","6,482","6,526","6,349",1.11M,-25.42%
4/15/2020,"8,691","8,512","8,929","8,512",3.49M,2.82%
4/14/2020,"8,452","8,512","8,631","8,393",967.75K,0.00%
4/13/2020,"8,452","8,452","8,631","8,333",926.24K,0.00%
4/10/2020,"8,452","8,571","8,571","8,393",1.03M,-1.39%
4/9/2020,"8,571","8,452","8,571","8,393",1.80M,2.13%
4/8/2020,"8,393","8,512","8,512","8,274",995.92K,-1.40%
4/7/2020,"8,512","8,571","8,750","8,333",1.09M,0.00%
4/6/2020,"8,512","8,036","8,571","8,036",1.72M,5.93%
4/3/2020,"8,036","7,857","8,095","7,798",1.34M,2.27%
4/1/2020,"7,857","7,679","7,917","7,619",495.21K,3.13%
3/31/2020,"7,619","7,679","7,917","7,441",1.56M,0.79%
3/30/2020,"7,560","7,738","8,095","7,381",1.51M,-7.30%
3/27/2020,"8,155","8,095","8,393","8,095",521.89K,-0.72%
3/26/2020,"8,214","8,452","8,691","8,155",1.09M,-4.83%
3/25/2020,"8,631","8,214","8,691","8,155",2.00M,6.62%
3/24/2020,"8,095","7,917","8,095","7,798",1.36M,3.82%
3/23/2020,"7,798","8,691","8,750","7,679",3.34M,-10.88%
3/20/2020,"8,750","8,750","8,869","8,691",544.91K,0.00%
3/19/2020,"8,750","8,929","8,988","8,631",1.28M,-2.00%
3/18/2020,"8,929","8,869","9,107","8,869",1.02M,0.00%
3/17/2020,"8,929","8,929","9,048","8,571",2.30M,-0.66%
3/16/2020,"8,988","9,226","9,286","8,869",1.77M,-1.95%
3/13/2020,"9,167","8,929","9,464","8,571",4.60M,-1.91%
3/12/2020,"9,345","9,583","9,702","9,048",3.98M,-5.42%
3/11/2020,"9,881","10,238","10,238","9,464",3.86M,-2.92%
3/10/2020,"10,179","9,524","10,238","9,464",3.63M,6.21%
3/9/2020,"9,583","10,655","10,655","9,107",9.91M,-11.54%
3/6/2020,"10,833","10,952","10,952","10,655",1.48M,0.00%
3/5/2020,"10,833","10,952","11,131","10,774",2.40M,-1.09%
3/4/2020,"10,952","10,893","10,952","10,833",1.21M,0.55%
3/3/2020,"10,893","10,893","11,131","10,893",2.95M,0.00%
3/2/2020,"10,893","10,714","10,952","10,595",2.15M,1.11%
2/28/2020,"10,774","10,833","10,893","10,655",3.21M,-1.63%
2/27/2020,"10,952","10,595","11,012","10,536",2.28M,3.37%
2/26/2020,"10,595","10,595","10,714","10,298",2.91M,-1.11%
2/25/2020,"10,714","10,476","10,833","10,357",2.96M,0.56%
2/24/2020,"10,655","11,191","11,191","10,536",3.85M,-4.79%
2/21/2020,"11,191","10,833","11,429","10,833",8.03M,2.73%
2/20/2020,"10,893","10,774","10,952","10,714",1.00M,1.11%
2/19/2020,"10,774","10,714","10,774","10,655",1.67M,1.12%
2/18/2020,"10,655","10,893","10,952","10,655",2.55M,-2.19%
2/17/2020,"10,893","11,012","11,071","10,833",1.64M,-0.54%
2/14/2020,"10,952","10,774","11,131","10,714",3.30M,1.10%
2/13/2020,"10,833","10,417","11,012","10,357",6.24M,4.00%
2/12/2020,"10,417","10,238","10,536","10,238",1.10M,1.16%
2/11/2020,"10,298","10,238","10,298","10,179",825.85K,1.76%
2/10/2020,"10,119","10,417","10,417","10,119",1.25M,-2.86%
2/7/2020,"10,417","10,476","10,476","10,357",605.23K,-1.13%
2/6/2020,"10,536","10,357","10,536","10,238",1.28M,2.31%
2/5/2020,"10,298","10,238","10,417","10,238",1.25M,0.58%
2/4/2020,"10,238","10,179","10,238","10,000",1.20M,0.58%
2/3/2020,"10,179","10,000","10,179","9,821",2.18M,0.00%
1/31/2020,"10,179","10,298","10,298","10,119",1.66M,-1.16%
1/30/2020,"10,298","10,536","10,536","10,238",1.42M,-2.81%
1/22/2020,"10,595","10,595","10,655","10,476",981.71K,0.00%
1/21/2020,"10,595","10,476","10,655","10,476",1.86M,1.71%
1/20/2020,"10,417","10,357","10,595","10,298",2.11M,0.58%
1/17/2020,"10,357","10,417","10,595","10,298",1.35M,-0.57%
1/16/2020,"10,417","10,298","10,536","10,298",1.16M,1.16%
1/15/2020,"10,298","10,417","10,417","10,298",637.03K,-1.14%
1/14/2020,"10,417","10,238","10,417","10,238",603.35K,1.16%
1/13/2020,"10,298","10,179","10,357","10,119",886.91K,1.76%
1/10/2020,"10,119","10,179","10,238","10,060",1.21M,0.00%
1/9/2020,"10,119","10,060","10,298","10,060",939.71K,0.59%
1/8/2020,"10,060","10,238","10,238","10,060",867.01K,-1.74%
1/7/2020,"10,238","10,238","10,357","10,238",192.97K,0.00%
1/6/2020,"10,238","10,417","10,417","10,238",604.45K,-1.71%
1/3/2020,"10,417","10,476","10,536","10,357",656.93K,-0.57%
1/2/2020,"10,476","10,357","10,536","10,357",623.95K,1.73%
12/31/2019,"10,298","10,476","10,476","10,298",332.80K,-1.14%
12/30/2019,"10,417","10,417","10,536","10,417",541.45K,-0.57%
12/27/2019,"10,476","10,417","10,595","10,417",584.70K,-0.56%
12/26/2019,"10,536","10,595","10,595","10,476",607.55K,-0.56%
12/25/2019,"10,595","10,417","10,655","10,357",1.18M,2.30%
12/24/2019,"10,357","10,357","10,417","10,238",359.77K,0.00%
12/23/2019,"10,357","10,179","10,357","10,179",427.30K,1.16%
12/20/2019,"10,238","10,179","10,238","10,179",265.40K,0.58%
12/19/2019,"10,179","10,179","10,298","10,060",608.57K,0.59%
12/18/2019,"10,119","10,060","10,179","10,060",285.19K,0.59%
12/17/2019,"10,060","10,060","10,060","10,000",360.16K,0.00%
12/16/2019,"10,060","10,060","10,119","10,000",237.50K,0.00%
12/13/2019,"10,060","10,060","10,179","10,060",416.37K,0.60%
12/12/2019,"10,000","10,000","10,060","9,941",558.00K,0.00%
12/11/2019,"10,000","9,941","10,000","9,941",473.31K,0.60%
12/10/2019,"9,941","10,000","10,000","9,881",874.55K,-0.60%
12/9/2019,"10,000","10,000","10,060","9,941",375.80K,0.00%
12/6/2019,"10,000","10,000","10,060","9,941",318.22K,-0.59%
12/5/2019,"10,060","10,119","10,119","9,941",881.02K,-0.59%
12/4/2019,"10,119","10,000","10,119","10,000",615.94K,2.41%
12/3/2019,"9,881","10,357","10,476","9,821",1.26M,-2.35%
12/2/2019,"10,119","10,298","10,298","10,060",656.18K,-0.59%
11/29/2019,"10,179","10,238","10,238","10,179",639.68K,-0.58%
11/28/2019,"10,238","10,357","10,357","10,119",1.24M,-1.15%
11/27/2019,"10,357","10,357","10,417","10,298",412.35K,0.58%
11/26/2019,"10,298","10,298","10,417","10,298",549.00K,0.00%
11/25/2019,"10,298","10,298","10,357","10,179",413.44K,-1.14%
11/22/2019,"10,417","10,417","10,476","10,238",1.18M,0.00%
11/21/2019,"10,417","10,417","10,417","10,357",710.71K,-0.57%
11/20/2019,"10,476","10,476","10,595","10,417",1.25M,0.00%
11/19/2019,"10,476","10,417","10,536","10,417",604.12K,0.57%
11/18/2019,"10,417","10,536","10,595","10,417",2.03M,-1.13%
11/15/2019,"10,536","10,536","10,595","10,476",708.66K,0.57%
11/14/2019,"10,476","10,595","10,595","10,476",740.15K,-1.12%
11/13/2019,"10,595","10,655","10,655","10,536",547.35K,-0.56%
11/12/2019,"10,655","10,595","10,655","10,595",862.83K,0.56%
11/11/2019,"10,595","10,714","10,774","10,595",666.09K,-1.11%
11/8/2019,"10,714","10,714","10,893","10,655",1.08M,-0.55%
11/7/2019,"10,774","10,655","10,833","10,655",2.62M,1.69%
11/6/2019,"10,595","10,595","10,774","10,595",1.40M,0.00%
11/5/2019,"10,595","10,655","10,655","10,536",668.16K,-0.56%
11/4/2019,"10,655","10,595","10,714","10,476",858.92K,0.56%
11/1/2019,"10,595","10,417","10,595","10,417",721.84K,1.71%
10/31/2019,"10,417","10,595","10,595","10,417",1.78M,-1.68%
10/30/2019,"10,595","10,595","10,595","10,536",1.34M,0.00%
10/29/2019,"10,595","10,655","10,655","10,476",954.64K,-0.56%
10/28/2019,"10,655","10,714","10,833","10,595",1.33M,0.00%
10/25/2019,"10,655","10,595","10,774","10,595",843.27K,-0.56%
10/24/2019,"10,714","10,655","10,714","10,536",702.48K,0.56%
10/23/2019,"10,655","10,536","10,655","10,536",834.49K,1.13%
10/22/2019,"10,536","10,476","10,536","10,417",962.14K,0.57%
10/21/2019,"10,476","10,655","10,714","10,417",3.17M,-1.68%
10/18/2019,"10,655","10,714","10,833","10,655",1.59M,-1.65%
10/17/2019,"10,833","10,893","10,952","10,714",1.69M,-1.09%
10/16/2019,"10,952","11,250","11,310","10,893",3.19M,-2.13%
10/15/2019,"11,191","11,071","11,191","11,012",2.21M,1.08%
10/14/2019,"11,071","10,833","11,191","10,833",3.87M,2.20%
10/11/2019,"10,833","10,774","10,893","10,714",342.27K,0.55%
10/10/2019,"10,774","10,833","10,893","10,714",636.64K,0.00%
10/9/2019,"10,774","10,714","10,893","10,714",733.72K,0.56%
10/8/2019,"10,714","10,893","10,893","10,595",1.39M,0.56%
10/7/2019,"10,655","11,012","11,071","10,536",2.55M,-2.72%
10/4/2019,"10,952","11,071","11,131","10,952",1.65M,-1.07%
10/3/2019,"11,071","10,952","11,131","10,833",1.92M,0.54%
10/2/2019,"11,012","10,714","11,131","10,655",6.84M,2.21%
10/1/2019,"10,774","10,833","10,833","10,595",1.60M,0.56%
9/30/2019,"10,714","10,774","10,833","10,655",1.52M,0.56%
9/27/2019,"10,655","10,774","10,893","10,655",2.53M,-1.65%
9/26/2019,"10,833","10,298","10,893","10,298",5.91M,5.20%
9/25/2019,"10,298","10,298","10,357","10,238",916.71K,-0.57%
9/24/2019,"10,357","10,238","10,357","10,238",436.32K,1.16%
9/23/2019,"10,238","10,298","10,357","10,238",710.92K,-0.58%
9/20/2019,"10,298","10,298","10,417","10,238",569.83K,0.00%
9/19/2019,"10,298","10,238","10,357","10,179",477.96K,1.17%
9/18/2019,"10,179","10,417","10,417","10,179",878.98K,-1.16%
9/17/2019,"10,298","10,417","10,417","10,298",706.47K,-1.14%
9/16/2019,"10,417","10,536","10,595","10,357",1.07M,-0.57%
9/13/2019,"10,476","10,179","10,595","10,119",711.27K,1.73%
9/12/2019,"10,298","10,119","10,357","10,119",463.46K,2.37%
9/11/2019,"10,060","10,119","10,179","10,000",543.59K,0.60%
9/10/2019,"10,000","10,417","10,417","9,941",1.90M,-2.89%
9/9/2019,"10,298","10,476","10,536","10,298",602.07K,-2.26%
9/6/2019,"10,536","10,536","10,595","10,417",661.69K,0.00%
9/5/2019,"10,536","10,536","10,595","10,476",337.07K,0.57%
9/4/2019,"10,476","10,595","10,595","10,476",790.90K,-0.56%
9/3/2019,"10,536","10,417","10,774","10,357",3.18M,1.14%
8/30/2019,"10,417","10,417","10,655","10,357",476.63K,0.00%
8/29/2019,"10,417","10,476","10,536","10,357",502.42K,-0.57%
8/28/2019,"10,476","10,655","10,714","10,357",989.84K,-1.68%
8/27/2019,"10,655","10,536","10,893","10,476",1.17M,1.70%
8/26/2019,"10,476","10,655","10,655","10,476",977.24K,-1.68%
8/23/2019,"10,655","10,595","10,714","10,595",1.13M,0.00%
8/22/2019,"10,655","10,952","10,952","10,655",2.04M,-1.65%
8/21/2019,"10,833","10,833","11,012","10,714",1.43M,0.00%
8/20/2019,"10,833","10,893","10,952","10,774",1.36M,0.00%
8/19/2019,"10,833","11,012","11,191","10,774",1.68M,-1.09%
8/16/2019,"10,952","10,595","11,071","10,536",3.37M,3.37%
8/15/2019,"10,595","10,060","10,655","9,941",1.87M,5.33%
8/14/2019,"10,060","10,060","10,536","10,000",1.03M,1.74%
8/13/2019,"9,887","10,038","10,089","9,837",1.62M,-1.51%
8/12/2019,"10,038","10,038","10,089","9,938",2.00M,-0.50%
8/9/2019,"10,089","10,038","10,190","10,038",2.13M,0.00%
8/8/2019,"10,089","9,938","10,139","9,938",1.69M,1.01%
8/7/2019,"9,988","9,635","10,240","9,584",4.22M,3.66%
8/6/2019,"9,635","9,584","9,635","9,433",920.44K,-0.52%
8/5/2019,"9,685","9,484","9,736","9,484",1.91M,2.13%
8/2/2019,"9,484","9,484","9,584","9,433",1.22M,-1.05%
8/1/2019,"9,584","9,433","9,635","9,383",1.00M,1.60%
7/31/2019,"9,433","9,433","9,433","9,332",564.44K,0.54%
7/30/2019,"9,383","9,534","9,584","9,383",1.43M,-2.10%
7/29/2019,"9,584","9,635","9,736","9,433",1.20M,-0.52%
7/26/2019,"9,635","9,635","9,685","9,584",489.97K,0.00%
7/25/2019,"9,635","9,433","9,736","9,433",1.60M,1.60%
7/24/2019,"9,484","9,383","9,484","9,282",1.03M,1.08%
7/23/2019,"9,383","9,383","9,433","9,332",778.94K,0.00%
7/22/2019,"9,383","9,484","9,534","9,231",824.79K,-1.06%
7/19/2019,"9,484","9,383","9,534","9,383",799.09K,0.00%
7/18/2019,"9,484","9,181","9,534","9,181",1.62M,2.73%
7/17/2019,"9,231","9,282","9,383","9,181",1.37M,-1.08%
7/16/2019,"9,332","9,231","9,484","9,231",1.39M,1.09%
7/15/2019,"9,231","8,828","9,332","8,828",2.66M,3.39%
7/12/2019,"8,929","8,576","8,979","8,576",1.85M,4.12%
7/11/2019,"8,576","8,525","8,576","8,475",244.03K,0.59%
7/10/2019,"8,525","8,525","8,576","8,475",282.95K,0.00%
7/9/2019,"8,525","8,626","8,626","8,475",655.72K,-1.17%
7/8/2019,"8,626","8,576","8,676","8,576",247.15K,0.00%
7/5/2019,"8,626","8,676","8,777","8,576",238.19K,1.99%
7/4/2019,"8,458","8,311","8,604","8,262",722.52K,1.77%
7/3/2019,"8,311","8,018","8,311","8,018",552.98K,3.03%
7/2/2019,"8,067","8,018","8,116","8,018",240.71K,0.00%
7/1/2019,"8,067","7,969","8,116","7,969",139.02K,0.61%
6/28/2019,"8,018","7,969","8,018","7,920",177.98K,0.61%
6/27/2019,"7,969","8,067","8,164","7,969",708.51K,-1.21%
6/26/2019,"8,067","7,969","8,164","7,284",255.90K,0.00%
6/25/2019,"8,067","8,067","8,116","8,018",225.96K,-0.60%
6/24/2019,"8,116","8,164","8,164","8,067",361.38K,-0.60%
6/21/2019,"8,164","8,164","8,213","8,116",211.99K,0.00%
6/20/2019,"8,164","7,969","8,213","7,969",244.49K,1.21%
6/19/2019,"8,067","8,018","8,067","7,969",242.55K,0.00%
6/18/2019,"8,067","8,164","8,164","8,018",334.24K,-1.20%
6/17/2019,"8,164","8,116","8,213","8,067",365.64K,0.00%
6/14/2019,"8,164","8,018","8,164","7,969",234.57K,1.83%
6/13/2019,"8,018","8,067","8,067","7,969",177.97K,0.00%
6/12/2019,"8,018","8,116","8,116","7,969",365.69K,-1.20%
6/11/2019,"8,116","8,213","8,262","8,067",815.69K,-1.19%
6/10/2019,"8,213","8,311","8,360","8,213",275.18K,-1.75%
6/7/2019,"8,360","8,311","8,360","8,311",123.22K,0.59%
6/6/2019,"8,311","8,507","8,507","8,311",381.89K,-2.30%
6/5/2019,"8,507","8,507","8,751","8,409",284.97K,0.39%
6/4/2019,"8,474","8,474","8,474","8,379",171.06K,0.00%
6/3/2019,"8,474","8,474","8,521","8,379",532.78K,-0.56%
5/31/2019,"8,521","8,521","8,616","8,474",829.37K,0.00%
5/30/2019,"8,521","8,521","8,569","8,474",430.39K,0.00%
5/29/2019,"8,521","8,616","8,616","8,521",386.18K,-0.55%
5/28/2019,"8,569","8,569","8,569","8,521",262.48K,-0.55%
5/27/2019,"8,616","8,663","8,663","8,521",591.98K,-0.55%
5/24/2019,"8,663","8,711","8,711","8,616",469.64K,-0.54%
5/23/2019,"8,711","8,758","8,758","8,711",210.19K,-0.54%
5/22/2019,"8,758","8,758","8,758","8,711",459.04K,0.00%
5/21/2019,"8,758","8,711","8,805","8,663",1.02M,0.54%
5/20/2019,"8,711","8,805","8,805","8,711",818.67K,-1.08%
5/17/2019,"8,805","8,805","8,805","8,711",959.26K,0.00%
5/16/2019,"8,805","8,805","8,900","8,805",283.85K,0.00%
5/15/2019,"8,805","8,758","8,853","8,711",319.14K,0.54%
5/14/2019,"8,758","8,711","8,758","8,663",311.57K,-28.18%
5/13/2019,"12,195","12,195","12,261","12,129",265.94K,0.54%
5/10/2019,"12,129","12,062","12,129","11,996",267.99K,1.11%
5/9/2019,"11,996","12,062","12,129","11,930",146.02K,-0.55%
5/8/2019,"12,062","12,129","12,129","11,863",329.58K,-1.09%
5/7/2019,"12,195","12,195","12,195","12,129",75.43K,0.00%
5/6/2019,"12,195","12,327","12,327","12,129",221.39K,-0.54%
5/3/2019,"12,261","12,460","12,460","12,261",309.68K,-1.07%
5/2/2019,"12,394","12,592","12,592","12,394",320.69K,-1.57%
4/26/2019,"12,592","12,592","12,725","12,526",121.22K,0.00%
4/25/2019,"12,592","12,592","12,592","12,526",117.11K,0.53%
4/24/2019,"12,526","12,460","12,592","12,460",137.94K,0.53%
4/23/2019,"12,460","12,526","12,526","12,327",302.87K,-1.05%
4/22/2019,"12,592","12,592","12,659","12,460",244.53K,0.00%
4/19/2019,"12,592","12,725","12,725","12,592",124.17K,0.00%
4/18/2019,"12,592","12,725","12,791","12,592",238.92K,-1.05%
4/17/2019,"12,725","12,725","12,791","12,659",346.63K,0.00%
4/16/2019,"12,725","12,924","12,924","12,592",105.98K,0.00%
4/12/2019,"12,725","12,659","12,791","12,592",145.58K,-0.52%
4/11/2019,"12,791","12,858","12,858","12,725",173.83K,0.00%
4/10/2019,"12,791","12,858","12,858","12,659",330.62K,-0.52%
4/9/2019,"12,858","12,924","12,990","12,858",747.10K,-0.51%
4/8/2019,"12,924","12,858","12,924","12,791",641.22K,0.51%
4/5/2019,"12,858","12,924","12,924","12,791",308.67K,0.00%
4/4/2019,"12,858","12,725","12,924","12,725",668.32K,1.05%
4/3/2019,"12,725","12,725","12,791","12,659",387.89K,0.00%
4/2/2019,"12,725","12,725","12,858","12,659",647.73K,0.00%
4/1/2019,"12,725","12,725","12,791","12,659",661.62K,1.06%
3/29/2019,"12,592","12,725","12,858","12,592",749.84K,0.00%
3/28/2019,"12,592","12,592","12,659","12,394",686.12K,1.60%
3/27/2019,"12,394","12,394","12,460","12,327",206.73K,1.08%
3/26/2019,"12,261","12,394","12,460","12,261",354.92K,-0.54%
3/25/2019,"12,327","12,526","12,592","12,261",465.94K,-3.13%
3/22/2019,"12,725","12,592","12,725","12,526",369.39K,1.59%
3/21/2019,"12,526","12,791","12,858","12,526",429.40K,-2.07%
3/20/2019,"12,791","12,924","12,924","12,592",838.37K,-1.03%
3/19/2019,"12,924","13,056","13,189","12,592",564.33K,-1.52%
3/18/2019,"13,123","13,056","13,189","12,990",543.17K,0.51%
3/15/2019,"13,056","13,123","13,123","12,990",385.69K,0.00%
3/14/2019,"13,056","13,189","13,189","13,056",280.54K,-0.51%
3/13/2019,"13,123","12,924","13,388","12,858",1.36M,2.06%
3/12/2019,"12,858","12,592","12,924","12,592",610.72K,1.57%
3/11/2019,"12,659","12,592","12,725","12,460",400.06K,0.53%
3/8/2019,"12,592","12,725","12,791","12,526",267.73K,-1.05%
3/7/2019,"12,725","12,592","12,924","12,592",405.67K,0.00%
3/6/2019,"12,725","12,460","12,924","12,261",836.77K,1.59%
3/5/2019,"12,526","12,526","12,592","12,460",370.80K,-0.52%
3/4/2019,"12,592","12,261","12,725","12,261",511.68K,2.15%
3/1/2019,"12,327","12,261","12,394","12,195",228.71K,0.54%
